file	obj	time
16_2_0	14	600.035
16_2_1	15	600.05
16_2_10	15	600.102
16_2_11	15	600.14
16_2_12	14	600.025
16_2_13	14	600.086
16_2_14	14	600.013
16_2_15	15	600.032
16_2_16	16	600.234
16_2_17	16	600.057
16_2_18	16	600.188
16_2_19	15	600.042
16_2_2	16	600.153
16_2_20	15	600.004
16_2_21	15	600.028
16_2_22	14	600.046
16_2_23	16	600.018
16_2_24	14	600.021
16_2_25	16	600.044
16_2_26	15	600.006
16_2_27	14	600.05
16_2_28	13	600.086
16_2_29	13	600.005
16_2_3	11	600.022
16_2_30	15	600.048
16_2_31	16	600.015
16_2_32	13	600.243
16_2_33	14	600.621
16_2_34	16	600.131
16_2_35	15	600.085
16_2_36	12	600.16
16_2_37	16	600.025
16_2_38	16	600.109
16_2_39	14	600.062
16_2_4	16	600.104
16_2_40	13	600.067
16_2_41	13	600.012
16_2_42	14	600.263
16_2_43	16	600.206
16_2_44	13	600.077
16_2_45	14	600.109
16_2_46	15	600.091
16_2_47	14	600.008
16_2_48	15	600.001
16_2_49	13	600.064
16_2_5	13	600.067
16_2_50	14	600.005
16_2_51	16	600.062
16_2_52	15	600.04
16_2_53	13	600
16_2_54	16	600.071
16_2_55	15	600.053
16_2_56	12	600.094
16_2_57	14	600.063
16_2_58	15	600.045
16_2_59	10	600.006
16_2_6	15	600.03
16_2_60	15	600.023
16_2_61	14	600.05
16_2_62	16	600.037
16_2_63	15	600.006
16_2_64	16	600.04
16_2_65	16	600.027
16_2_66	14	600.075
16_2_67	14	600.03
16_2_68	15	600.031
16_2_69	16	600.032
16_2_7	13	600.051
16_2_70	16	600.037
16_2_71	12	600.015
16_2_72	14	600.042
16_2_73	9	600.075
16_2_74	15	600.078
16_2_75	13	600.284
16_2_76	15	600.075
16_2_77	13	600.044
16_2_78	14	600.276
16_2_79	16	600.042
16_2_8	14	600.026
16_2_80	16	600.02
16_2_81	14	600.086
16_2_82	16	600.028
16_2_83	16	600.012
16_2_84	15	600.087
16_2_85	14	600.115
16_2_86	11	600.005
16_2_87	14	600.045
16_2_88	16	600.061
16_2_89	13	600.108
16_2_9	16	600.083
16_2_90	14	600.073
16_2_91	14	600.032
16_2_92	13	600.104
16_2_93	16	600.003
16_2_94	15	600.093
16_2_95	13	600.014
16_2_96	13	600.001
16_2_97	16	600.102
16_2_98	10	600.053
16_2_99	13	600.05
16_4_0	14	600.112
16_4_1	14	600.017
16_4_10	13	600.049
16_4_11	13	600.053
16_4_12	14	600.058
16_4_13	12	600.023
16_4_14	14	600.081
16_4_15	12	600.007
16_4_16	13	600.012
16_4_17	14	600.013
16_4_18	15	600.03
16_4_19	12	600.064
16_4_2	13	600.066
16_4_20	12	600.082
16_4_21	15	600.029
16_4_22	14	600.04
16_4_23	15	600.059
16_4_24	14	600.04
16_4_25	15	600.081
16_4_26	15	600.045
16_4_27	15	600.039
16_4_28	15	600.097
16_4_29	16	600.114
16_4_3	15	600.045
16_4_30	14	600.043
16_4_31	14	600.103
16_4_32	13	600.026
16_4_33	14	600.054
16_4_34	11	600.015
16_4_35	15	600.003
16_4_36	13	600.111
16_4_37	15	600.107
16_4_38	13	600.054
16_4_39	12	600.093
16_4_4	13	600.054
16_4_40	13	600.1
16_4_41	12	600.097
16_4_42	12	600.047
16_4_43	12	600.031
16_4_44	13	600.053
16_4_45	12	600.055
16_4_46	13	600.001
16_4_47	14	600.05
16_4_48	12	600.021
16_4_49	13	600.042
16_4_5	13	600.083
16_4_50	13	600.02
16_4_51	11	600.048
16_4_52	15	600.073
16_4_53	14	600.039
16_4_54	16	600.019
16_4_55	13	600.056
16_4_56	15	600.011
16_4_57	15	600.068
16_4_58	14	600.061
16_4_59	14	600.07
16_4_6	11	600.087
16_4_60	14	600.099
16_4_61	14	600.009
16_4_62	13	600.055
16_4_63	14	600.089
16_4_64	15	600.049
16_4_65	13	600.138
16_4_66	12	600.122
16_4_67	16	600.078
16_4_68	16	600.005
16_4_69	13	600.087
16_4_7	14	600.126
16_4_70	13	600.07
16_4_71	15	600.115
16_4_72	14	600.073
16_4_73	15	600.093
16_4_74	16	600.145
16_4_75	14	600.092
16_4_76	10	600.1
16_4_77	14	600.02
16_4_78	15	600.009
16_4_79	14	600.113
16_4_8	13	600.069
16_4_80	14	600.13
16_4_81	11	600.084
16_4_82	14	600.029
16_4_83	13	600.014
16_4_84	15	600.075
16_4_85	14	600.03
16_4_86	13	600.005
16_4_87	11	600.119
16_4_88	12	600.101
16_4_89	14	600.083
16_4_9	12	600.018
16_4_90	15	600.094
16_4_91	14	600.019
16_4_92	12	600.031
16_4_93	14	600.054
16_4_94	15	600.102
16_4_95	14	600.105
16_4_96	16	600.097
16_4_97	16	600.073
16_4_98	15	600.07
16_4_99	15	600.044
16_8_0	12	600.015
16_8_1	12	600.047
16_8_10	14	600.131
16_8_11	11	600.034
16_8_12	14	600.052
16_8_13	12	600.101
16_8_14	11	600.111
16_8_15	12	600.101
16_8_16	13	600.058
16_8_17	14	600.056
16_8_18	12	600.023
16_8_19	14	600.096
16_8_2	14	600.018
16_8_20	13	600.025
16_8_21	13	600.109
16_8_22	14	600.023
16_8_23	12	600.061
16_8_24	9	600.07
16_8_25	13	600.033
16_8_26	14	600.102
16_8_27	13	600.015
16_8_28	13	600.042
16_8_29	12	600.006
16_8_3	14	600.11
16_8_30	13	600.045
16_8_31	13	600.097
16_8_32	12	600.089
16_8_33	15	600.009
16_8_34	11	600.021
16_8_35	15	600.023
16_8_36	12	600.071
16_8_37	13	600.069
16_8_38	14	600.062
16_8_39	13	600.095
16_8_4	15	600.005
16_8_40	13	600.004
16_8_41	13	600.102
16_8_42	13	600.095
16_8_43	13	600.081
16_8_44	11	600.019
16_8_45	10	600.079
16_8_46	11	600.019
16_8_47	15	600.075
16_8_48	10	600.066
16_8_49	13	600.037
16_8_5	15	600.059
16_8_50	14	600.102
16_8_51	13	600.09
16_8_52	13	600.084
16_8_53	13	600.001
16_8_54	16	600.068
16_8_55	13	600.094
16_8_56	10	600.093
16_8_57	10	600.102
16_8_58	14	600.008
16_8_59	16	600.006
16_8_6	13	600.007
16_8_60	9	600.041
16_8_61	13	600.127
16_8_62	11	600.104
16_8_63	15	600.023
16_8_64	14	600.03
16_8_65	15	600.08
16_8_66	12	600.104
16_8_67	12	600.127
16_8_68	14	600.102
16_8_69	9	600.047
16_8_7	10	600.113
16_8_70	14	600.068
16_8_71	10	600.086
16_8_72	12	600.056
16_8_73	12	600.07
16_8_74	12	600.01
16_8_75	15	600.027
16_8_76	13	600.077
16_8_77	12	600.051
16_8_78	15	600.047
16_8_79	14	600.115
16_8_8	11	600.098
16_8_80	11	600.083
16_8_81	13	600.097
16_8_82	16	600.096
16_8_83	10	600.011
16_8_84	11	600.093
16_8_85	10	600.081
16_8_86	11	600.062
16_8_87	13	600.006
16_8_88	14	600.048
16_8_89	12	600.096
16_8_9	15	600.038
16_8_90	11	600.035
16_8_91	15	600.05
16_8_92	14	600.055
16_8_93	13	600.064
16_8_94	14	600.064
16_8_95	8	600
16_8_96	10	600.076
16_8_97	11	600.085
16_8_98	14	600.089
16_8_99	13	600.053
32_16_0	24	600.022
32_16_1	23	600.057
32_16_10	27	600.115
32_16_11	28	600.02
32_16_12	24	600.029
32_16_13	22	600.033
32_16_14	24	600.061
32_16_15	27	600.025
32_16_16	23	600.153
32_16_17	22	600.046
32_16_18	23	600.045
32_16_19	26	600.063
32_16_2	26	600.031
32_16_20	24	600.153
32_16_21	22	600.092
32_16_22	21	600.139
32_16_23	27	600.118
32_16_24	23	600.101
32_16_25	24	600.039
32_16_26	26	600.036
32_16_27	21	600.143
32_16_28	25	600.077
32_16_29	29	600.166
32_16_3	21	600.145
32_16_30	26	600.107
32_16_31	24	600.065
32_16_32	25	600.077
32_16_33	24	600.141
32_16_34	22	600.079
32_16_35	20	600.051
32_16_36	26	600.077
32_16_37	22	600.021
32_16_38	26	600.006
32_16_39	20	600.12
32_16_4	21	600.118
32_16_40	26	600.015
32_16_41	25	600.071
32_16_42	26	600.097
32_16_43	24	600.033
32_16_44	20	600.109
32_16_45	27	600.186
32_16_46	25	600.075
32_16_47	25	600.134
32_16_48	27	600.034
32_16_49	23	600.038
32_16_5	22	600.135
32_16_50	27	600.025
32_16_51	23	600.032
32_16_52	24	600.144
32_16_53	22	600.009
32_16_54	25	600.012
32_16_55	24	600.355
32_16_56	25	600.161
32_16_57	30	600.009
32_16_58	22	600.014
32_16_59	28	600.087
32_16_6	22	600.08
32_16_60	22	600.005
32_16_61	24	600.092
32_16_62	26	600.149
32_16_63	23	600.11
32_16_64	21	600.072
32_16_65	25	600.889
32_16_66	22	600.182
32_16_67	27	600.866
32_16_68	24	600.167
32_16_69	24	600.081
32_16_7	26	600.09
32_16_70	25	600.418
32_16_71	24	600.039
32_16_72	24	600.053
32_16_73	24	600.632
32_16_74	27	600.403
32_16_75	30	600.123
32_16_76	25	600.302
32_16_77	26	600.179
32_16_78	29	600.099
32_16_79	24	600.135
32_16_8	22	600.29
32_16_80	29	600.257
32_16_81	21	600.142
32_16_82	29	600.43
32_16_83	24	600.056
32_16_84	23	600.055
32_16_85	25	600.186
32_16_86	24	600.178
32_16_87	24	600.035
32_16_88	24	600.06
32_16_89	27	600.07
32_16_9	25	600.037
32_16_90	20	600.1
32_16_91	23	600.037
32_16_92	30	600.091
32_16_93	30	600.522
32_16_94	26	600.106
32_16_95	25	600.051
32_16_96	24	600.019
32_16_97	28	600.089
32_16_98	24	600.102
32_16_99	27	600.029
32_4_0	28	600.057
32_4_1	29	601.755
32_4_10	29	600.002
32_4_11	28	600.152
32_4_12	31	600.11
32_4_13	29	601.749
32_4_14	31	600.273
32_4_15	28	600.087
32_4_16	32	600.028
32_4_17	29	600.133
32_4_18	27	600.13
32_4_19	29	600.344
32_4_2	29	600.212
32_4_20	25	600.107
32_4_21	30	600.172
32_4_22	23	600.086
32_4_23	29	600.089
32_4_24	28	600.149
32_4_25	27	600.758
32_4_26	25	600.092
32_4_27	26	600.134
32_4_28	30	600.092
32_4_29	30	600.049
32_4_3	27	600.232
32_4_30	23	600.208
32_4_31	24	600.036
32_4_32	25	600.159
32_4_33	28	600.039
32_4_34	30	600.692
32_4_35	26	600.027
32_4_36	25	600.033
32_4_37	29	600.002
32_4_38	26	600.101
32_4_39	30	600.072
32_4_4	32	600.242
32_4_40	29	600.005
32_4_41	27	600.058
32_4_42	31	600.016
32_4_43	26	600.113
32_4_44	28	600.003
32_4_45	31	600.07
32_4_46	32	600.102
32_4_47	26	600.118
32_4_48	29	600.032
32_4_49	30	600.07
32_4_5	25	600.007
32_4_50	29	600.049
32_4_51	30	600.101
32_4_52	32	600.038
32_4_53	31	600.03
32_4_54	30	600.004
32_4_55	29	600.028
32_4_56	28	600.16
32_4_57	28	600.006
32_4_58	29	600.104
32_4_59	27	600.117
32_4_6	29	600.04
32_4_60	28	600.004
32_4_61	32	600.11
32_4_62	29	600.064
32_4_63	27	600.026
32_4_64	30	600.301
32_4_65	25	600.106
32_4_66	26	600.054
32_4_67	27	600.127
32_4_68	29	600.006
32_4_69	29	600.028
32_4_7	25	600.084
32_4_70	28	600.104
32_4_71	27	600.075
32_4_72	30	600.161
32_4_73	26	600.074
32_4_74	30	600.149
32_4_75	29	600.034
32_4_76	27	600.167
32_4_77	30	600.174
32_4_78	30	600.38
32_4_79	30	600.043
32_4_8	25	600.044
32_4_80	29	600.356
32_4_81	28	600.812
32_4_82	27	600.316
32_4_83	24	600.212
32_4_84	28	600.294
32_4_85	29	600.645
32_4_86	29	601.056
32_4_87	32	600.521
32_4_88	26	601.155
32_4_89	26	600.548
32_4_9	27	601.163
32_4_90	29	600.02
32_4_91	32	600.443
32_4_92	24	600.12
32_4_93	28	600.09
32_4_94	28	601.052
32_4_95	31	600.061
32_4_96	25	600.003
32_4_97	26	600.428
32_4_98	31	600.116
32_4_99	29	600.082
32_8_0	27	600.951
32_8_1	27	600.072
32_8_10	25	600.126
32_8_11	27	600.119
32_8_12	25	600.152
32_8_13	25	600.315
32_8_14	24	600.328
32_8_15	29	600.145
32_8_16	25	600.504
32_8_17	20	600.259
32_8_18	27	600.172
32_8_19	29	600.071
32_8_2	28	600.712
32_8_20	23	600.096
32_8_21	27	600.018
32_8_22	26	600.085
32_8_23	26	600.149
32_8_24	26	600.001
32_8_25	26	600.135
32_8_26	25	600.15
32_8_27	26	600.134
32_8_28	26	600.599
32_8_29	24	600
32_8_3	26	600.081
32_8_30	24	600.031
32_8_31	23	600.096
32_8_32	25	600.123
32_8_33	31	600.092
32_8_34	27	600.136
32_8_35	26	600.141
32_8_36	28	600.053
32_8_37	28	600.007
32_8_38	23	600.119
32_8_39	27	600.082
32_8_4	26	600.116
32_8_40	24	600.012
32_8_41	29	600.059
32_8_42	24	600.011
32_8_43	25	600.086
32_8_44	23	600.118
32_8_45	27	600.137
32_8_46	29	600.084
32_8_47	28	600.045
32_8_48	27	600.062
32_8_49	27	600.035
32_8_5	26	600.119
32_8_50	26	600.043
32_8_51	25	600.022
32_8_52	28	600.151
32_8_53	21	600.059
32_8_54	25	600.081
32_8_55	25	600.085
32_8_56	27	600.024
32_8_57	26	600.025
32_8_58	29	600.062
32_8_59	27	600.121
32_8_6	28	600.131
32_8_60	30	600.089
32_8_61	23	600.076
32_8_62	26	600.08
32_8_63	27	600.04
32_8_64	27	600.019
32_8_65	24	600.125
32_8_66	22	600.043
32_8_67	27	600.036
32_8_68	24	600.169
32_8_69	25	600.07
32_8_7	26	600.115
32_8_70	29	600.073
32_8_71	28	600.178
32_8_72	31	600.148
32_8_73	29	600.024
32_8_74	25	600.006
32_8_75	23	600.076
32_8_76	27	600.091
32_8_77	28	600.193
32_8_78	23	600.323
32_8_79	22	600.133
32_8_8	24	600.127
32_8_80	27	600.053
32_8_81	27	600.038
32_8_82	28	600.392
32_8_83	26	600.048
32_8_84	27	600.094
32_8_85	24	600.659
32_8_86	29	600.074
32_8_87	30	600.088
32_8_88	26	600.247
32_8_89	24	600.072
32_8_9	25	600.01
32_8_90	24	600.463
32_8_91	31	600.088
32_8_92	27	600.236
32_8_93	28	600.046
32_8_94	29	600.481
32_8_95	28	600.063
32_8_96	28	600.088
32_8_97	25	600.112
32_8_98	27	600.059
32_8_99	22	600.104
48_12_0	46	600.045
48_12_1	41	600.38
48_12_10	35	600.507
48_12_11	41	600.089
48_12_12	36	600.198
48_12_13	37	600.098
48_12_14	37	600.194
48_12_15	38	600.016
48_12_16	38	600.356
48_12_17	38	600.411
48_12_18	41	600.059
48_12_19	41	600.092
48_12_2	42	600.094
48_12_20	41	600.154
48_12_21	37	600.089
48_12_22	44	600.071
48_12_23	45	600.491
48_12_24	37	602.208
48_12_25	40	600.503
48_12_26	37	600.034
48_12_27	38	600.195
48_12_28	40	600.089
48_12_29	39	600.096
48_12_3	39	600.122
48_12_30	39	600.274
48_12_31	37	600.828
48_12_32	38	600.309
48_12_33	38	600.066
48_12_34	39	600.106
48_12_35	39	600.115
48_12_36	40	600.035
48_12_37	37	600.06
48_12_38	41	600.059
48_12_39	38	600.01
48_12_4	38	601.288
48_12_40	38	600.022
48_12_41	41	600.063
48_12_42	39	600.008
48_12_43	38	600.024
48_12_44	41	600.036
48_12_45	45	600.041
48_12_46	38	600.007
48_12_47	31	600.068
48_12_48	39	600.172
48_12_49	43	600.121
48_12_5	39	600.1
48_12_50	39	600.104
48_12_51	34	600.077
48_12_52	38	601.195
48_12_53	39	600.096
48_12_54	38	600.14
48_12_55	38	600.116
48_12_56	39	600.09
48_12_57	41	600.135
48_12_58	39	600.19
48_12_59	40	600.243
48_12_6	32	600.099
48_12_60	36	600.133
48_12_61	43	600.072
48_12_62	39	600.076
48_12_63	33	600.019
48_12_64	30	600.081
48_12_65	36	600.001
48_12_66	37	600.216
48_12_67	41	600.08
48_12_68	40	600.212
48_12_69	39	600.222
48_12_7	40	600.229
48_12_70	43	600.094
48_12_71	40	600.085
48_12_72	37	600.222
48_12_73	42	600.22
48_12_74	37	600.13
48_12_75	35	600.035
48_12_76	37	600.072
48_12_77	33	600.218
48_12_78	39	600.166
48_12_79	40	600.243
48_12_8	38	600.106
48_12_80	37	600.071
48_12_81	42	600.098
48_12_82	38	600.003
48_12_83	37	600.281
48_12_84	40	600.033
48_12_85	37	600.047
48_12_86	30	600.773
48_12_87	41	600.086
48_12_88	36	600.125
48_12_89	37	600.461
48_12_9	40	600.118
48_12_90	36	600.108
48_12_91	41	600.328
48_12_92	38	600.129
48_12_93	40	600.031
48_12_94	39	600.263
48_12_95	44	600.081
48_12_96	41	600.044
48_12_97	35	600.01
48_12_98	37	600.521
48_12_99	38	600.061
48_24_0	36	600.145
48_24_1	39	600.148
48_24_10	36	600.172
48_24_11	39	600.083
48_24_12	34	600.14
48_24_13	35	600.139
48_24_14	32	600.162
48_24_15	36	600.038
48_24_16	33	600.271
48_24_17	36	600.002
48_24_18	36	600.083
48_24_19	39	600.059
48_24_2	33	600.108
48_24_20	35	600.284
48_24_21	34	600.047
48_24_22	34	600.033
48_24_23	36	600.02
48_24_24	36	600.003
48_24_25	38	600.499
48_24_26	33	600.166
48_24_27	37	600.173
48_24_28	32	600.176
48_24_29	37	600.205
48_24_3	37	600.505
48_24_30	35	600.121
48_24_31	36	600.088
48_24_32	37	600.124
48_24_33	34	600.105
48_24_34	36	600.43
48_24_35	32	600.127
48_24_36	34	600.107
48_24_37	43	600.14
48_24_38	36	600.019
48_24_39	33	600.201
48_24_4	38	600.011
48_24_40	43	600.108
48_24_41	38	600.156
48_24_42	32	600.037
48_24_43	34	600.071
48_24_44	35	600.003
48_24_45	37	600.156
48_24_46	32	600.024
48_24_47	36	600.134
48_24_48	39	600.163
48_24_49	36	600.179
48_24_5	39	600
48_24_50	44	600.205
48_24_51	38	600.062
48_24_52	33	600.054
48_24_53	36	600.02
48_24_54	39	600.011
48_24_55	41	600.023
48_24_56	34	600.091
48_24_57	35	600.048
48_24_58	39	600.058
48_24_59	36	600.063
48_24_6	32	600.073
48_24_60	33	600.033
48_24_61	36	600.007
48_24_62	34	600.141
48_24_63	33	600.39
48_24_64	35	600.079
48_24_65	42	600.121
48_24_66	34	600.182
48_24_67	35	600.081
48_24_68	43	600.071
48_24_69	37	600.012
48_24_7	35	600.153
48_24_70	38	600.038
48_24_71	32	600.151
48_24_72	36	600.006
48_24_73	35	600.031
48_24_74	35	600.231
48_24_75	35	600.052
48_24_76	36	600.106
48_24_77	32	600.017
48_24_78	40	600.033
48_24_79	40	600.341
48_24_8	40	600.027
48_24_80	34	600.366
48_24_81	35	600.111
48_24_82	34	600.482
48_24_83	38	600.152
48_24_84	40	600.126
48_24_85	36	600.183
48_24_86	40	600.053
48_24_87	38	600.299
48_24_88	36	600.083
48_24_89	37	600.521
48_24_9	38	600.617
48_24_90	37	600.063
48_24_91	37	600.09
48_24_92	42	600.469
48_24_93	38	600.2
48_24_94	36	600.462
48_24_95	41	600.388
48_24_96	38	600.09
48_24_97	38	600.524
48_24_98	36	600.009
48_24_99	38	600.395
48_6_0	45	600.046
48_6_1	41	601.468
48_6_10	43	604.823
48_6_11	38	600.137
48_6_12	41	600.042
48_6_13	43	600.182
48_6_14	37	600.397
48_6_15	42	600.049
48_6_16	41	600.162
48_6_17	41	600.46
48_6_18	38	600.178
48_6_19	40	600.539
48_6_2	44	600.167
48_6_20	45	600.578
48_6_21	47	600.302
48_6_22	42	600.15
48_6_23	39	602.062
48_6_24	47	600.128
48_6_25	44	600.499
48_6_26	40	600.063
48_6_27	47	600.472
48_6_28	39	600.125
48_6_29	44	600.096
48_6_3	45	604.708
48_6_30	38	600.596
48_6_31	45	600.094
48_6_32	41	600.691
48_6_33	36	600.188
48_6_34	40	600.501
48_6_35	40	600.076
48_6_36	43	600.247
48_6_37	47	600.004
48_6_38	36	601.24
48_6_39	41	600.08
48_6_4	39	600.645
48_6_40	38	600.233
48_6_41	44	602.295
48_6_42	41	600.013
48_6_43	46	601.05
48_6_44	44	601.402
48_6_45	45	600.096
48_6_46	35	600.182
48_6_47	41	600.002
48_6_48	43	600.047
48_6_49	41	602.326
48_6_5	39	600.027
48_6_50	44	600.341
48_6_51	41	600.049
48_6_52	44	600.063
48_6_53	43	600.034
48_6_54	41	600.032
48_6_55	37	600.193
48_6_56	45	602.428
48_6_57	46	600.022
48_6_58	36	600.179
48_6_59	44	600.23
48_6_6	40	600.065
48_6_60	43	600.184
48_6_61	38	600.639
48_6_62	45	600.085
48_6_63	41	600.048
48_6_64	40	600.025
48_6_65	41	600.112
48_6_66	41	600.134
48_6_67	38	600.03
48_6_68	43	600.025
48_6_69	40	600.345
48_6_7	43	600.144
48_6_70	39	600.338
48_6_71	44	600.042
48_6_72	34	600.162
48_6_73	46	600.31
48_6_74	41	600.057
48_6_75	37	600.035
48_6_76	43	600.084
48_6_77	42	600.117
48_6_78	44	600.441
48_6_79	41	600.201
48_6_8	42	600.212
48_6_80	40	600.343
48_6_81	41	600.195
48_6_82	42	602.484
48_6_83	37	602.552
48_6_84	40	601.997
48_6_85	45	600.174
48_6_86	43	600.528
48_6_87	43	600.55
48_6_88	43	600.062
48_6_89	48	600.193
48_6_9	45	600.616
48_6_90	44	600.196
48_6_91	45	600.232
48_6_92	47	600.197
48_6_93	43	602.685
48_6_94	45	601.476
48_6_95	41	600.622
48_6_96	40	600.204
48_6_97	39	602.963
48_6_98	45	600.276
48_6_99	39	602.467
64_16_0	51	600.205
64_16_1	54	600.102
64_16_10	50	601.63
64_16_11	53	600.187
64_16_12	52	600.89
64_16_13	54	600.206
64_16_14	43	600.249
64_16_15	55	601.443
64_16_16	51	600.805
64_16_17	53	602.551
64_16_18	57	600.204
64_16_19	52	600.074
64_16_2	41	602.71
64_16_20	52	600.271
64_16_21	52	600.575
64_16_22	46	600.207
64_16_23	56	600.012
64_16_24	50	600.625
64_16_25	57	602.889
64_16_26	48	600.062
64_16_27	51	600.088
64_16_28	48	600.824
64_16_29	54	600.192
64_16_3	54	600.58
64_16_30	56	600.213
64_16_31	52	600.008
64_16_32	51	600.242
64_16_33	51	600.232
64_16_34	54	600.443
64_16_35	52	600.063
64_16_36	52	600.071
64_16_37	51	600.141
64_16_38	54	600.12
64_16_39	54	600.069
64_16_4	51	600.014
64_16_40	46	600.049
64_16_41	51	600.092
64_16_42	51	600.005
64_16_43	55	600.012
64_16_44	55	600.107
64_16_45	56	600.025
64_16_46	52	600.026
64_16_47	53	600.068
64_16_48	54	600.215
64_16_49	58	600.016
64_16_5	51	600.014
64_16_50	52	600.041
64_16_51	52	600.016
64_16_52	52	600.18
64_16_53	51	600.01
64_16_54	52	600.048
64_16_55	49	600.101
64_16_56	54	600.07
64_16_57	53	600.15
64_16_58	54	600.022
64_16_59	53	600.039
64_16_6	53	600.073
64_16_60	54	600.041
64_16_61	55	600.066
64_16_62	52	600.233
64_16_63	51	600.077
64_16_64	50	600.008
64_16_65	55	600.179
64_16_66	48	600.227
64_16_67	48	600.271
64_16_68	50	600.189
64_16_69	51	600.325
64_16_7	50	600.19
64_16_70	52	600.245
64_16_71	48	600.183
64_16_72	46	600.35
64_16_73	50	600.046
64_16_74	56	600.265
64_16_75	52	600.141
64_16_76	48	600.319
64_16_77	51	600.063
64_16_78	45	600.229
64_16_79	51	600.059
64_16_8	52	600.116
64_16_80	51	600.269
64_16_81	47	600.265
64_16_82	48	600.064
64_16_83	52	600.207
64_16_84	53	600.207
64_16_85	56	600.071
64_16_86	47	600.135
64_16_87	48	600.138
64_16_88	55	600.111
64_16_89	53	600.202
64_16_9	53	600.233
64_16_90	53	600.159
64_16_91	51	600.021
64_16_92	51	600.016
64_16_93	54	600.191
64_16_94	56	600.119
64_16_95	51	600.229
64_16_96	54	600.087
64_16_97	46	600.152
64_16_98	55	600.097
64_16_99	58	600.029
64_32_0	55	600.232
64_32_1	52	600.04
64_32_10	52	600.018
64_32_11	47	600.189
64_32_12	48	600.078
64_32_13	46	600.187
64_32_14	54	600.183
64_32_15	52	600.204
64_32_16	48	600.11
64_32_17	50	600.134
64_32_18	45	600.038
64_32_19	47	600.001
64_32_2	57	600.242
64_32_20	47	600.005
64_32_21	49	600.202
64_32_22	52	600.156
64_32_23	57	600.098
64_32_24	44	600.08
64_32_25	52	600.25
64_32_26	52	600.241
64_32_27	50	600.122
64_32_28	49	600.22
64_32_29	51	600.23
64_32_3	50	600.183
64_32_30	46	600.243
64_32_31	48	600.248
64_32_32	48	600.151
64_32_33	44	600.084
64_32_34	47	600.205
64_32_35	50	600.039
64_32_36	47	600.061
64_32_37	48	600.143
64_32_38	52	600.235
64_32_39	54	600.691
64_32_4	47	600.146
64_32_40	47	600.159
64_32_41	41	600.045
64_32_42	54	600.038
64_32_43	51	600.233
64_32_44	48	600.117
64_32_45	43	600.28
64_32_46	47	600.01
64_32_47	43	600.164
64_32_48	47	600.215
64_32_49	49	601.023
64_32_5	48	600.06
64_32_50	43	600.056
64_32_51	43	600.016
64_32_52	48	600.173
64_32_53	47	600.648
64_32_54	44	600.105
64_32_55	49	600.131
64_32_56	46	600.052
64_32_57	46	600.988
64_32_58	47	600.09
64_32_59	49	600.015
64_32_6	48	600.116
64_32_60	50	600.074
64_32_61	49	600.645
64_32_62	41	600.032
64_32_63	48	600.345
64_32_64	49	600.26
64_32_65	47	600.106
64_32_66	44	600.748
64_32_67	51	600.183
64_32_68	50	600.538
64_32_69	52	600.251
64_32_7	43	600.119
64_32_70	49	600.069
64_32_71	51	600.965
64_32_72	48	600.066
64_32_73	49	600.033
64_32_74	42	600.404
64_32_75	51	600.646
64_32_76	46	600.27
64_32_77	54	600.046
64_32_78	44	600.437
64_32_79	46	601.242
64_32_8	50	600.634
64_32_80	48	600.413
64_32_81	48	600.612
64_32_82	44	600.337
64_32_83	49	600.382
64_32_84	51	600.292
64_32_85	52	600.451
64_32_86	53	600.632
64_32_87	48	600.333
64_32_88	53	600.132
64_32_89	46	600.02
64_32_9	47	600.284
64_32_90	52	600.418
64_32_91	44	600.389
64_32_92	50	600.256
64_32_93	52	600.721
64_32_94	47	600.016
64_32_95	51	600.457
64_32_96	47	600.629
64_32_97	42	600.495
64_32_98	52	600.701
64_32_99	46	600.048
64_8_0	49	600.211
64_8_1	52	604.489
64_8_10	52	600.111
64_8_11	59	600.319
64_8_12	57	601.508
64_8_13	54	601.819
64_8_14	56	600.151
64_8_15	56	600.353
64_8_16	52	600.437
64_8_17	54	603.827
64_8_18	54	600.12
64_8_19	51	600.15
64_8_2	58	601.817
64_8_20	60	600.228
64_8_21	62	600.614
64_8_22	49	600.584
64_8_23	58	603.852
64_8_24	57	601.631
64_8_25	52	602.749
64_8_26	51	600.256
64_8_27	57	601.057
64_8_28	57	600.227
64_8_29	52	600.652
64_8_3	54	600.99
64_8_30	59	601.597
64_8_31	50	603.641
64_8_32	53	600.121
64_8_33	50	601.45
64_8_34	46	601.589
64_8_35	54	600.125
64_8_36	52	600.014
64_8_37	52	600.12
64_8_38	58	600.073
64_8_39	59	600.063
64_8_4	57	600.048
64_8_40	58	601.798
64_8_41	49	600.137
64_8_42	54	600.136
64_8_43	51	600.07
64_8_44	55	600.014
64_8_45	54	600.483
64_8_46	52	600.055
64_8_47	55	600.008
64_8_48	57	600.546
64_8_49	59	601.815
64_8_5	55	600.117
64_8_50	58	600.041
64_8_51	56	600.095
64_8_52	58	600.042
64_8_53	55	600.491
64_8_54	54	600.078
64_8_55	51	600.085
64_8_56	59	600.174
64_8_57	55	600.44
64_8_58	58	600.214
64_8_59	56	600.001
64_8_6	52	608.518
64_8_60	51	600.022
64_8_61	58	600.109
64_8_62	56	600.496
64_8_63	52	600.847
64_8_64	55	600.026
64_8_65	54	601.072
64_8_66	58	603.457
64_8_67	53	601.052
64_8_68	50	603.373
64_8_69	54	600.774
64_8_7	55	601.334
64_8_70	51	600.363
64_8_71	59	600.329
64_8_72	51	600.597
64_8_73	55	601.139
64_8_74	55	600.615
64_8_75	52	602.048
64_8_76	53	600.131
64_8_77	57	600.777
64_8_78	54	600.564
64_8_79	59	602.485
64_8_8	55	600.437
64_8_80	56	601.592
64_8_81	59	604.915
64_8_82	58	600.42
64_8_83	54	600.107
64_8_84	52	601.366
64_8_85	62	604.943
64_8_86	59	600.339
64_8_87	54	600.255
64_8_88	54	600.856
64_8_89	59	600.478
64_8_9	54	600.059
64_8_90	56	603.915
64_8_91	53	600.275
64_8_92	59	604.886
64_8_93	58	600.233
64_8_94	49	600.102
64_8_95	52	600.519
64_8_96	54	600.929
64_8_97	54	600.029
64_8_98	50	600.603
64_8_99	57	600.151
80_10_0	66	600.039
80_10_1	63	601.215
80_10_10	59	600.189
80_10_11	62	600.377
80_10_12	59	602.001
80_10_13	73	604.567
80_10_14	68	600.14
80_10_15	72	601.083
80_10_16	73	600.855
80_10_17	71	603.126
80_10_18	75	600.728
80_10_19	64	600.352
80_10_2	67	604.954
80_10_20	66	601.061
80_10_21	62	600.577
80_10_22	67	604.896
80_10_23	69	600.904
80_10_24	73	606.448
80_10_25	66	600.919
80_10_26	66	600.884
80_10_27	68	601.236
80_10_28	61	601.276
80_10_29	71	601.318
80_10_3	74	601.368
80_10_30	61	604.856
80_10_31	70	600.939
80_10_32	61	600.095
80_10_33	70	606.34
80_10_34	74	600.659
80_10_35	65	603.635
80_10_36	66	600.532
80_10_37	67	600.124
80_10_38	74	600.397
80_10_39	65	600.782
80_10_4	71	600.136
80_10_40	61	600.771
80_10_41	70	600.229
80_10_42	65	600.644
80_10_43	63	600.92
80_10_44	69	600.032
80_10_45	71	600.597
80_10_46	68	600.577
80_10_47	69	600.228
80_10_48	63	600.492
80_10_49	70	600.446
80_10_5	74	602.53
80_10_50	65	600.635
80_10_51	68	600.274
80_10_52	69	600.132
80_10_53	67	600.412
80_10_54	71	602.299
80_10_55	65	602.492
80_10_56	72	604.494
80_10_57	64	600.424
80_10_58	71	600.287
80_10_59	71	600.418
80_10_6	75	604.355
80_10_60	71	600.278
80_10_61	69	600.955
80_10_62	61	600.02
80_10_63	69	600.085
80_10_64	72	600.3
80_10_65	66	600.052
80_10_66	67	601.974
80_10_67	75	601.746
80_10_68	63	601.846
80_10_69	68	600.045
80_10_7	66	600.511
80_10_70	71	603.12
80_10_71	63	600.021
80_10_72	74	600.014
80_10_73	66	600.012
80_10_74	68	603.117
80_10_75	69	600.002
80_10_76	59	600.04
80_10_77	59	603.126
80_10_78	65	600.119
80_10_79	69	601.001
80_10_8	69	601.058
80_10_80	70	600.161
80_10_81	64	600.467
80_10_82	66	600.456
80_10_83	70	600.09
80_10_84	71	600.285
80_10_85	69	600.038
80_10_86	62	600.025
80_10_87	74	600.281
80_10_88	69	601.721
80_10_89	66	600.024
80_10_9	71	600.135
80_10_90	60	600.433
80_10_91	71	600.758
80_10_92	79	600.816
80_10_93	71	600.01
80_10_94	71	600.764
80_10_95	73	600.036
80_10_96	66	600.15
80_10_97	67	600.553
80_10_98	65	600.838
80_10_99	70	600.524
80_20_0	65	600.083
80_20_1	63	600.169
80_20_10	59	600.276
80_20_11	57	600.603
80_20_12	62	600.601
80_20_13	54	600.82
80_20_14	50	600.362
80_20_15	60	600.075
80_20_16	62	600.163
80_20_17	57	600.17
80_20_18	61	600.417
80_20_19	57	600.355
80_20_2	63	600.822
80_20_20	70	600.463
80_20_21	58	600.051
80_20_22	66	600.027
80_20_23	54	600.161
80_20_24	66	600.262
80_20_25	67	600.453
80_20_26	70	600.391
80_20_27	64	600.208
80_20_28	62	600.626
80_20_29	68	600.223
80_20_3	69	600.029
80_20_30	69	600.361
80_20_31	67	600.221
80_20_32	64	600.08
80_20_33	62	600.293
80_20_34	52	600.42
80_20_35	63	600.146
80_20_36	63	600.225
80_20_37	63	600.241
80_20_38	63	600.052
80_20_39	62	600.116
80_20_4	66	600.177
80_20_40	63	600.188
80_20_41	60	600.286
80_20_42	61	600.065
80_20_43	65	600.157
80_20_44	63	600.181
80_20_45	66	600.276
80_20_46	71	600.188
80_20_47	63	600.103
80_20_48	67	600.181
80_20_49	67	600.093
80_20_5	64	600.164
80_20_50	63	600.314
80_20_51	67	600.041
80_20_52	65	600.183
80_20_53	64	600.218
80_20_54	60	600.06
80_20_55	60	600.104
80_20_56	73	600.266
80_20_57	61	600.077
80_20_58	62	600.002
80_20_59	66	600.203
80_20_6	67	600.043
80_20_60	71	600.217
80_20_61	65	600.048
80_20_62	65	600.074
80_20_63	66	600.259
80_20_64	67	600.049
80_20_65	59	600.175
80_20_66	62	600.016
80_20_67	65	600.07
80_20_68	68	600.063
80_20_69	73	600.022
80_20_7	63	600.15
80_20_70	62	600.016
80_20_71	68	600.043
80_20_72	59	600.024
80_20_73	60	600.103
80_20_74	71	600.079
80_20_75	64	600.071
80_20_76	64	600.018
80_20_77	73	600.195
80_20_78	60	600.092
80_20_79	65	600.005
80_20_8	65	600.181
80_20_80	68	600.102
80_20_81	70	600.056
80_20_82	61	600.223
80_20_83	65	600.201
80_20_84	69	600.156
80_20_85	66	600.295
80_20_86	61	600.111
80_20_87	64	600.033
80_20_88	63	600.245
80_20_89	63	600.056
80_20_9	62	600.108
80_20_90	63	600.05
80_20_91	62	600.013
80_20_92	69	600.037
80_20_93	60	600.204
80_20_94	62	600.012
80_20_95	64	600.141
80_20_96	65	600.116
80_20_97	64	600.246
80_20_98	60	600.049
80_20_99	57	600.112
80_40_0	65	600.141
80_40_1	49	600.211
80_40_10	61	600.25
80_40_11	61	600.073
80_40_12	62	600.201
80_40_13	55	600.082
80_40_14	60	600.073
80_40_15	57	600.058
80_40_16	65	600.122
80_40_17	60	600.189
80_40_18	56	600.223
80_40_19	63	600.08
80_40_2	59	600.135
80_40_20	65	600.277
80_40_21	59	600.036
80_40_22	67	600.062
80_40_23	61	600.148
80_40_24	64	600.187
80_40_25	65	600.224
80_40_26	60	600.212
80_40_27	60	600.07
80_40_28	60	600.151
80_40_29	55	600.178
80_40_3	65	600.257
80_40_30	60	600.071
80_40_31	64	600.104
80_40_32	55	600.098
80_40_33	67	600.293
80_40_34	54	600.239
80_40_35	64	600.203
80_40_36	60	600.28
80_40_37	63	600.088
80_40_38	62	600.125
80_40_39	58	600.204
80_40_4	61	600.024
80_40_40	62	600.053
80_40_41	60	600.037
80_40_42	58	600.073
80_40_43	67	600.052
80_40_44	58	600.21
80_40_45	64	600.112
80_40_46	64	600.179
80_40_47	62	600.122
80_40_48	54	600.021
80_40_49	60	600.18
80_40_5	59	600.175
80_40_50	66	600.268
80_40_51	60	600.017
80_40_52	66	600.046
80_40_53	69	600.173
80_40_54	51	600.161
80_40_55	64	600.097
80_40_56	54	600.178
80_40_57	63	600.003
80_40_58	57	600.185
80_40_59	60	600.053
80_40_6	64	600.01
80_40_60	66	600.263
80_40_61	64	600.264
80_40_62	58	600.076
80_40_63	58	600.215
80_40_64	63	600.126
80_40_65	60	600.078
80_40_66	62	600.122
80_40_67	58	600.206
80_40_68	59	600.171
80_40_69	59	600.078
80_40_7	58	600.071
80_40_70	59	600.022
80_40_71	58	600.01
80_40_72	56	600.211
80_40_73	61	600.158
80_40_74	58	600.042
80_40_75	65	600.046
80_40_76	58	600.147
80_40_77	61	600.024
80_40_78	53	600.046
80_40_79	60	600.241
80_40_8	60	600.161
80_40_80	59	600.034
80_40_81	62	600.218
80_40_82	59	600.116
80_40_83	54	600.17
80_40_84	58	600.27
80_40_85	57	600.25
80_40_86	54	600.14
80_40_87	54	600.07
80_40_88	60	600.051
80_40_89	62	600.002
80_40_9	59	600.226
80_40_90	61	600.15
80_40_91	62	600.223
80_40_92	57	600.058
80_40_93	56	600.148
80_40_94	65	600.238
80_40_95	62	600.027
80_40_96	66	600.255
80_40_97	62	600.21
80_40_98	60	600.013
80_40_99	57	600.099
