sigma,n,len_B,k,Rand-Sample,Approx,LS2,LS4,ILP,Adapt-Cmsa
8,64,30,43,58,58,58,58,58,58
12,48,27,22,35,35,35,34,35,35
6,48,11,26,36,36,36,35,36,36
12,48,14,39,43,43,43,43,43,43
20,80,35,49,68,70,69,68,70,69
8,16,4,9,8,8,8,8,8,8
8,32,13,15,25,25,25,25,25,25
12,48,24,31,43,43,43,42,43,43
24,48,14,32,34,34,34,34,34,34
32,64,20,45,50,50,50,50,50,50
8,32,6,21,22,22,22,22,22,22
16,64,36,30,51,51,51,50,51,51
8,64,28,34,54,55,53,55,55,55
8,32,19,9,24,24,24,24,24,24
8,32,11,20,28,28,28,28,28,28
32,64,41,26,52,52,52,52,52,52
16,32,13,14,24,24,24,24,24,24
8,16,7,8,13,13,13,12,13,13
24,48,18,25,35,35,35,35,35,35
8,32,16,15,22,21,22,21,22,22
8,16,9,8,14,13,14,14,14,14
40,80,30,45,59,59,59,58,59,59
8,64,28,43,58,58,59,59,59,59
2,16,7,10,15,15,15,15,15,15
6,48,20,19,35,35,35,35,35,35
4,16,9,6,13,13,13,13,13,13
8,64,21,48,58,58,58,58,59,59
16,32,11,21,26,26,26,26,26,26
24,48,25,20,36,36,36,35,36,36
4,16,9,9,16,15,16,16,16,16
40,80,40,38,60,60,59,59,60,60
12,48,26,27,37,37,37,37,37,37
2,16,7,9,14,14,14,14,14,14
16,64,43,27,51,51,51,51,51,51
40,80,17,67,63,62,63,63,64,64
16,64,22,39,51,51,51,51,51,51
8,64,20,49,60,61,61,61,62,62
8,32,14,16,25,25,25,25,25,25
16,32,14,15,24,24,24,24,24,24
16,32,9,19,22,22,22,22,22,22
8,32,13,20,28,28,26,26,28,28
2,16,9,7,14,14,14,14,14,14
4,32,9,21,29,29,29,27,29,29
20,80,67,19,63,64,65,65,65,65
4,16,4,10,13,13,13,13,13,13
4,16,8,11,15,15,15,15,15,15
20,80,19,69,71,70,70,67,71,71
6,48,14,34,45,45,45,45,45,45
8,64,37,30,53,55,56,56,56,56
4,32,10,22,29,29,28,28,29,29
4,32,15,22,32,32,32,32,32,32
16,64,26,36,52,52,51,51,52,52
10,80,21,63,72,71,72,72,72,72
2,16,6,7,12,12,12,12,12,12
12,48,28,15,36,37,37,37,37,37
2,16,8,8,14,14,14,14,14,14
2,16,3,9,12,12,12,12,12,12
2,16,7,10,15,15,15,14,15,15
12,48,32,13,35,35,34,35,35,35
16,64,33,30,49,50,50,50,50,50
4,16,6,13,15,15,15,15,15,15
32,64,22,40,47,47,46,46,47,47
4,16,6,9,14,14,14,13,14,14
4,16,8,10,15,14,15,14,15,15
4,32,22,10,25,25,25,25,25,25
10,80,16,63,69,67,69,68,69,69
40,80,41,48,64,65,65,65,65,65
8,16,8,7,13,13,13,13,13,13
8,64,39,27,52,53,53,53,55,55
4,32,17,10,24,24,24,23,24,24
6,48,25,19,40,40,40,40,40,40
10,80,31,46,66,67,67,66,68,68
16,64,34,34,54,55,56,56,56,56
20,80,55,25,60,62,61,60,62,62
24,48,18,32,34,32,34,33,34,34
40,80,42,43,65,67,67,67,67,67
8,64,23,44,57,58,58,57,58,58
20,80,40,33,57,57,57,57,57,57
32,64,32,27,43,43,44,43,44,44
8,32,13,17,27,26,27,25,27,27
8,32,18,13,27,27,27,26,27,27
8,32,21,9,26,26,26,25,26,26
4,16,8,7,13,13,13,13,13,13
2,16,4,6,10,10,10,10,10,10
6,48,15,35,46,47,47,45,47,47
8,64,38,27,53,56,56,55,57,57
6,48,27,23,44,44,44,43,45,45
20,80,36,43,61,63,63,63,63,63
16,32,15,25,27,27,27,27,27,27
6,48,15,36,43,43,43,43,43,43
6,48,22,25,43,45,45,44,45,45
32,64,37,30,50,50,50,50,50,50
8,16,10,6,12,12,11,11,12,12
16,64,37,29,50,51,49,50,51,51
16,64,27,37,52,52,52,52,52,52
16,32,16,15,23,23,23,23,23,23
24,48,27,17,36,36,35,35,36,36
4,32,12,22,26,26,26,26,26,26
8,16,6,10,12,12,12,12,12,12
20,80,49,34,62,62,62,61,62,62
6,48,17,35,45,45,45,45,45,45
8,64,20,30,46,46,45,45,46,46
16,32,20,12,24,24,24,24,24,24
6,48,26,23,44,46,45,45,46,46
16,32,12,21,24,24,24,24,24,24
8,16,11,4,14,14,14,14,14,14
12,48,23,27,41,41,41,40,41,41
8,16,5,10,10,10,10,10,10,10
6,48,26,19,39,39,39,38,40,40
6,48,24,25,39,38,38,38,39,39
4,32,9,27,30,30,30,30,30,30
32,64,31,31,46,47,47,47,47,47
2,16,6,13,16,16,16,16,16,16
12,48,19,25,36,36,36,36,36,36
20,80,36,46,61,61,61,61,61,61
20,80,20,55,60,60,59,59,60,60
2,16,6,10,15,15,15,15,15,15
32,64,36,33,48,48,48,48,48,48
24,48,19,25,36,36,36,36,36,36
8,16,6,12,13,12,13,13,13,13
24,48,35,16,36,36,35,34,36,36
10,80,45,36,67,69,68,69,70,70
2,16,6,10,15,15,15,15,15,15
16,64,18,43,51,51,51,51,51,51
4,16,7,9,15,15,14,15,15,15
16,64,24,40,54,54,54,54,54,54
8,64,17,49,59,59,59,59,59,59
8,32,11,27,29,28,29,28,29,29
2,16,9,8,16,16,16,16,16,16
6,48,21,22,40,40,40,38,40,40
10,80,37,46,66,68,68,66,69,69
16,32,18,13,20,20,20,20,20,20
24,48,29,24,38,37,38,38,38,38
12,48,25,26,39,38,38,37,39,39
8,16,5,6,10,10,10,10,10,10
2,16,10,7,15,15,15,15,15,15
8,32,19,13,26,26,25,26,26,26
4,32,25,14,31,31,31,30,31,31
10,80,56,21,62,65,66,65,66,66
6,48,22,26,42,42,42,41,42,42
8,64,41,27,52,53,54,52,54,54
16,64,35,26,47,46,47,47,48,48
12,48,26,25,38,37,38,38,38,38
20,80,28,49,58,58,58,57,58,58
8,64,20,46,56,56,55,55,56,56
24,48,12,35,35,35,35,35,35,35
32,64,29,38,47,47,47,45,47,47
24,48,13,34,38,37,38,38,38,38
8,16,9,8,13,13,13,13,13,13
2,16,5,10,15,15,15,15,15,15
6,48,17,32,41,41,41,41,41,41
20,80,35,48,64,65,65,65,65,65
6,48,14,32,40,40,40,40,40,40
20,80,38,47,65,67,68,68,68,68
8,64,20,40,53,54,53,54,54,54
40,80,47,31,59,59,59,59,59,59
24,48,26,24,38,38,38,38,38,38
40,80,20,63,64,63,64,64,64,64
8,32,16,15,23,22,23,23,23,23
24,48,20,24,32,32,32,32,32,32
2,16,8,9,15,15,15,15,15,15
8,32,23,10,27,27,27,27,27,27
8,64,39,27,52,53,53,53,54,54
6,48,36,13,39,40,39,38,40,40
8,32,10,19,26,26,26,26,26,26
12,48,20,27,30,30,30,30,30,30
8,32,19,13,26,27,26,26,27,27
12,48,18,21,33,32,33,33,33,33
16,64,27,44,54,55,55,54,55,55
32,64,24,35,45,45,45,45,45,45
16,64,26,33,51,52,52,52,52,52
4,32,15,15,28,28,28,28,28,28
16,32,6,25,24,24,24,24,24,24
6,48,21,33,44,45,44,44,45,45
2,16,5,13,15,15,15,15,15,15
6,48,30,20,42,43,43,43,43,43
10,80,22,53,64,66,65,65,66,66
6,48,20,26,39,38,39,39,39,39
10,80,23,56,71,72,73,72,73,73
6,48,24,21,39,40,40,40,40,40
6,48,20,26,39,39,40,38,40,40
4,32,18,10,25,25,25,24,25,25
20,80,36,49,69,71,71,71,71,71
16,64,43,22,45,43,45,46,45,45
16,32,19,19,27,27,27,27,27,27
8,64,37,28,52,53,53,52,53,53
8,32,17,12,23,23,22,23,23,23
16,64,21,42,52,52,52,52,53,53
24,48,15,27,32,30,31,30,32,32
8,64,30,29,51,54,53,54,54,54
6,48,22,31,43,44,43,43,44,44
8,16,6,10,13,13,13,13,13,13
40,80,45,24,52,53,53,53,53,53
20,80,50,36,65,65,66,66,66,66
20,80,43,31,57,58,58,58,59,59
12,48,20,23,39,39,39,38,39,39
8,32,14,22,29,29,29,29,29,29
4,16,10,9,15,15,15,15,15,15
24,48,28,22,36,36,36,36,36,36
12,48,29,13,37,37,37,36,37,37
24,48,24,21,33,33,32,33,33,33
4,16,6,7,12,12,12,12,12,12
12,48,19,26,40,40,40,40,40,40
40,80,28,47,61,61,61,61,61,61
16,64,24,41,53,54,54,54,54,54
4,16,6,12,16,16,16,16,16,16
12,48,23,31,39,38,39,39,39,39
8,16,10,7,12,12,12,12,12,12
4,16,9,4,12,12,12,12,12,12
6,48,13,35,43,43,43,43,43,43
20,80,27,42,57,56,56,55,57,57
8,32,10,23,28,28,28,27,28,28
16,32,6,22,23,23,23,23,23,23
16,32,7,18,21,21,21,21,21,21
12,48,27,23,39,39,39,39,39,39
10,80,36,44,65,65,66,65,66,66
32,64,30,37,53,53,53,53,53,53
16,32,10,19,21,21,21,21,21,21
12,48,25,24,38,38,38,38,38,38
8,16,7,12,14,14,14,14,14,14
32,64,12,40,43,43,43,43,43,43
32,64,28,40,53,53,53,52,53,53
24,48,19,27,33,33,33,33,33,33
6,48,37,15,40,40,41,40,41,41
8,64,30,31,52,54,54,52,54,54
2,16,6,8,13,13,13,13,13,13
10,80,38,34,60,61,61,61,61,61
20,80,43,37,65,65,65,63,65,65
8,16,11,7,13,13,13,13,13,13
2,16,8,7,13,13,13,13,13,13
24,48,29,23,36,36,36,35,36,36
4,32,10,22,30,29,30,30,30,30
32,64,25,38,47,47,47,46,47,47
12,48,17,33,41,40,40,41,41,41
10,80,42,31,58,59,58,56,59,59
4,16,3,12,14,14,14,14,14,14
32,64,26,33,48,48,48,48,48,48
4,32,20,15,29,29,29,29,29,29
32,64,29,33,47,46,47,47,47,47
32,64,34,26,47,47,47,46,47,47
24,48,17,32,34,34,34,34,34,34
16,64,23,34,46,47,47,46,47,47
24,48,20,37,43,42,42,42,43,43
2,16,6,11,16,16,16,16,16,16
24,48,21,30,36,36,36,36,36,36
12,48,20,26,40,41,41,41,41,41
16,64,8,58,55,55,55,55,55,55
40,80,26,48,55,55,55,55,55,55
6,48,25,23,39,39,39,38,40,40
8,32,10,20,25,23,25,25,25,25
4,16,10,6,14,14,14,14,14,14
8,16,7,10,14,14,14,14,14,14
12,48,30,16,37,37,37,37,38,38
8,32,9,23,26,25,26,26,26,26
8,16,6,11,15,15,15,15,15,15
8,16,8,7,11,11,11,11,11,11
4,16,12,7,15,15,15,15,15,15
12,48,24,26,37,36,36,37,37,37
4,32,18,12,26,27,27,27,27,27
40,80,34,48,62,61,62,62,62,62
8,32,14,18,27,27,27,26,27,27
4,16,5,11,15,15,15,14,15,15
24,48,29,18,34,34,34,34,34,34
6,48,30,13,36,37,37,37,37,37
4,32,13,17,27,27,26,27,27,27
4,32,15,11,24,24,24,24,24,24
8,64,24,38,55,55,55,56,56,56
20,80,41,42,60,63,63,62,63,62
8,64,44,17,49,51,51,50,51,51
8,64,20,44,57,57,56,56,57,57
24,48,14,32,36,36,35,35,36,36
4,16,6,10,14,13,14,14,14,14
24,48,24,25,37,36,35,37,37,37
16,64,29,45,55,56,56,56,56,56
20,80,43,31,57,57,57,56,57,57
16,32,22,13,25,25,25,25,25,25
4,16,9,8,15,15,15,15,15,15
8,32,12,26,31,31,31,31,31,31
16,32,8,23,24,24,23,23,24,24
8,32,13,21,27,27,27,27,27,27
4,16,6,8,11,11,11,11,11,11
16,64,45,23,51,53,53,53,53,53
16,32,13,19,25,25,25,25,25,25
10,80,45,31,59,64,63,63,64,64
12,48,18,20,31,31,31,31,31,31
16,64,36,32,51,51,51,51,51,51
20,80,21,62,69,69,69,69,69,69
24,48,29,20,32,31,32,32,32,32
8,32,10,18,25,25,24,24,25,25
4,16,6,11,14,14,14,14,14,14
4,16,5,11,13,13,13,13,13,13
6,48,27,29,45,46,44,44,46,46
16,32,24,11,22,22,22,22,22,22
8,32,11,23,28,27,27,27,28,28
8,64,49,15,48,49,49,48,50,50
20,80,34,49,65,65,66,65,66,65
4,16,9,8,15,15,15,15,15,15
8,16,9,8,14,14,13,14,14,14
8,16,6,9,13,13,13,13,13,13
12,48,30,14,37,37,37,37,37,36
4,16,9,8,12,12,12,12,12,12
4,32,16,18,30,30,29,29,30,30
6,48,32,18,42,43,43,43,43,43
8,32,12,16,23,23,23,23,23,23
16,64,26,29,43,43,43,42,43,43
12,48,23,29,44,44,44,44,44,44
16,64,46,25,53,53,54,53,55,55
8,32,12,21,29,29,29,29,29,29
32,64,40,27,51,51,50,51,51,51
2,16,8,8,16,16,16,16,16,16
16,32,13,13,22,22,22,22,22,22
2,16,9,6,14,14,14,13,14,14
10,80,49,30,64,67,66,66,67,67
32,64,22,41,47,47,47,46,47,47
40,80,32,43,60,60,60,60,60,60
10,80,11,69,70,70,70,70,70,70
8,16,9,7,12,12,11,12,12,12
32,64,33,32,49,49,49,49,49,49
12,48,28,19,37,36,37,37,37,37
16,32,14,15,23,23,23,23,23,23
8,64,20,45,59,58,59,57,59,59
12,48,32,12,36,37,37,37,37,37
10,80,44,33,62,64,63,63,65,65
24,48,9,37,38,38,38,37,38,38
16,64,23,37,50,50,50,50,50,50
8,32,19,23,29,28,28,28,29,29
40,80,18,59,63,62,63,62,63,63
16,64,26,39,54,54,53,53,54,54
16,32,5,27,29,29,29,28,29,29
16,32,20,9,24,24,23,23,24,24
12,48,23,19,33,33,33,34,33,33
40,80,25,57,66,66,65,66,66,66
10,80,28,60,71,72,71,71,73,73
6,48,21,31,43,43,41,41,44,44
10,80,30,55,69,69,70,70,71,71
8,16,8,10,14,14,14,14,14,14
16,32,7,24,25,25,25,25,25,25
10,80,44,33,63,66,65,65,66,66
2,16,7,10,14,14,14,14,14,14
6,48,34,16,42,43,42,43,44,44
24,48,26,20,34,34,34,34,34,34
4,32,20,14,28,28,28,28,28,28
16,64,17,47,54,53,54,53,54,54
16,64,30,35,51,51,51,51,51,51
4,16,7,8,13,13,13,12,13,13
2,16,9,10,16,16,16,16,16,16
24,48,17,36,42,42,41,41,42,42
32,64,16,48,49,49,49,49,49,49
2,16,5,10,13,13,13,13,13,13
24,48,25,21,36,36,36,36,36,36
12,48,12,36,39,37,37,37,39,39
10,80,30,48,65,65,64,64,66,66
20,80,31,43,60,60,62,60,63,63
20,80,48,31,59,61,60,61,61,61
8,32,15,22,27,26,26,26,27,27
8,16,6,11,13,13,13,13,13,13
4,16,7,13,16,16,16,16,16,16
16,64,25,42,53,54,54,52,54,54
6,48,27,30,46,47,46,46,47,47
16,64,31,31,50,51,51,50,51,51
8,16,7,7,13,13,13,13,13,13
8,16,8,10,13,13,13,13,13,13
4,32,9,23,26,26,26,26,26,26
8,16,5,8,10,10,10,10,10,10
8,64,21,40,54,53,54,54,55,55
4,32,11,23,31,31,30,30,31,31
6,48,30,12,38,38,37,38,38,38
4,16,5,8,12,12,12,12,12,12
10,80,51,33,64,66,67,66,67,67
24,48,15,28,37,37,36,35,37,37
32,64,15,49,53,52,53,52,53,53
12,48,25,25,41,41,41,41,41,41
40,80,25,48,55,55,55,56,55,55
20,80,35,42,62,61,62,62,63,63
6,48,27,18,38,37,38,38,38,38
8,64,35,26,49,49,49,49,50,50
2,16,8,10,15,15,15,15,15,15
12,48,16,31,38,38,38,38,38,38
6,48,10,34,42,42,42,42,42,42
4,16,8,8,15,15,14,14,15,15
32,64,16,46,47,46,46,46,47,47
40,80,25,56,60,59,60,59,60,60
8,64,19,48,57,58,57,59,59,59
40,80,36,47,60,59,60,60,60,60
24,48,29,15,32,31,32,32,32,32
6,48,14,36,43,42,44,44,44,44
4,16,4,10,14,14,14,14,14,14
16,64,32,33,54,55,55,54,55,55
2,16,13,5,16,16,16,16,16,16
8,64,25,30,50,49,48,48,50,50
4,32,10,21,28,28,28,28,28,28
2,16,11,7,16,16,16,16,16,16
8,64,29,37,55,57,57,56,57,57
32,64,36,32,50,50,50,50,50,50
40,80,41,41,61,61,60,60,61,61
4,16,6,10,14,13,14,13,14,14
12,48,25,21,39,39,38,38,39,39
4,32,9,20,26,26,26,26,26,26
12,48,23,26,38,38,38,37,38,38
4,32,9,20,25,25,25,25,25,25
40,80,60,25,58,58,58,58,58,58
20,80,33,54,66,67,67,67,67,67
24,48,17,32,38,38,37,37,38,38
4,32,14,13,24,23,23,23,24,24
32,64,14,43,47,46,47,47,47,47
24,48,32,18,36,36,36,36,36,36
4,32,14,17,31,31,31,29,31,31
6,48,14,32,41,40,40,40,41,41
6,48,18,32,42,42,42,42,43,43
8,16,5,8,11,11,11,11,11,11
32,64,28,31,43,43,43,42,43,43
24,48,23,25,38,38,38,38,38,38
24,48,25,24,37,37,37,35,37,37
8,16,9,10,15,15,14,15,15,15
6,48,17,34,44,45,44,44,45,45
24,48,20,26,36,35,36,36,36,36
4,16,7,5,11,11,11,11,11,11
8,16,7,8,12,12,12,12,12,12
32,64,36,30,50,50,50,49,50,50
4,16,7,7,12,12,11,12,12,12
8,64,26,34,51,53,52,51,54,54
8,32,15,19,29,28,29,29,29,29
10,80,35,55,71,72,72,72,75,75
8,64,34,34,56,58,55,57,58,58
4,32,13,17,28,27,28,28,28,28
4,32,25,13,31,30,31,30,32,32
40,80,35,44,61,61,60,60,61,61
8,16,4,6,9,9,9,9,9,9
4,16,5,8,12,12,12,12,12,12
40,80,36,39,54,54,54,54,54,54
10,80,25,54,68,70,70,70,71,71
40,80,48,30,56,56,56,56,56,56
20,80,28,48,63,64,64,64,64,64
32,64,19,43,44,44,43,43,44,44
2,16,9,12,16,16,16,16,16,16
8,16,6,11,13,13,13,13,13,13
4,32,7,28,30,30,30,30,30,30
10,80,41,44,67,69,68,68,69,69
6,48,22,20,37,36,36,37,37,37
4,16,9,10,16,16,16,16,16,16
6,48,29,17,40,41,41,41,41,41
12,48,27,21,38,39,38,38,39,39
32,64,24,40,47,47,46,46,48,48
10,80,44,36,63,64,64,63,65,65
8,16,10,8,14,14,14,14,14,14
16,64,33,30,52,53,52,52,53,53
16,64,29,36,51,50,52,52,52,52
8,32,23,9,24,24,24,23,24,24
20,80,22,56,62,62,62,62,62,62
24,48,8,40,39,38,39,39,39,39
4,16,4,10,13,13,13,13,13,13
2,16,6,12,16,16,16,16,16,16
32,64,28,34,45,46,46,46,46,46
8,16,7,12,13,13,13,13,13,13
24,48,22,26,39,39,39,39,39,39
8,32,13,23,25,24,25,24,25,25
8,16,7,7,10,10,10,10,10,10
40,80,49,34,59,60,60,59,60,60
4,32,7,25,28,28,28,28,28,28
40,80,44,41,64,66,64,64,66,66
4,32,12,19,28,28,28,27,28,28
20,80,53,25,59,61,61,60,61,61
16,32,7,26,24,24,24,24,24,24
10,80,52,31,63,66,66,65,66,66
10,80,65,18,61,63,63,63,63,62
32,64,45,22,50,49,50,49,50,50
20,80,27,51,62,62,61,62,63,63
8,32,12,11,20,20,20,20,20,20
10,80,22,59,71,72,72,71,72,72
8,32,9,23,26,26,26,25,26,26
4,32,18,15,29,29,29,28,29,29
40,80,38,34,54,54,54,54,54,54
40,80,34,46,60,60,60,60,60,60
8,16,6,4,9,8,9,9,9,9
10,80,28,69,79,75,76,77,79,79
2,16,8,6,14,14,14,14,14,14
40,80,41,38,56,55,56,56,56,56
20,80,33,43,62,63,64,64,65,65
4,16,10,7,16,16,16,16,16,16
4,16,3,10,13,13,13,13,13,13
16,64,31,38,53,52,51,51,53,53
40,80,33,42,55,55,55,55,55,55
32,64,42,29,49,50,49,50,50,49
16,64,25,33,41,41,41,40,41,41
20,80,25,59,68,69,68,68,69,69
10,80,21,62,73,74,73,73,74,74
24,48,16,35,39,39,39,39,39,39
24,48,23,29,42,43,43,43,43,43
16,64,34,37,56,56,57,56,57,57
40,80,21,60,64,64,64,64,64,64
32,64,30,43,51,51,51,51,51,51
8,64,22,30,48,49,49,48,49,49
16,32,23,14,25,25,25,25,25,25
8,64,22,30,48,49,49,49,49,49
2,16,6,13,16,16,16,16,16,16
8,64,45,22,53,54,54,54,54,54
2,16,10,9,16,16,16,16,16,16
12,48,22,24,37,38,38,38,38,38
8,64,30,33,50,53,52,52,53,53
8,16,9,8,11,11,11,11,11,11
32,64,22,33,43,43,43,43,43,43
24,48,10,29,33,33,33,33,33,33
4,32,7,21,27,26,27,27,27,27
16,64,13,51,54,54,54,54,54,54
10,80,49,23,57,59,59,58,59,59
32,64,32,29,46,45,46,45,46,46
12,48,29,26,42,44,44,43,44,44
6,48,10,39,46,47,47,46,47,47
2,16,3,11,13,13,13,13,13,13
40,80,53,30,58,59,59,59,59,58
32,64,36,29,50,51,51,51,51,51
8,64,31,34,51,51,51,51,52,52
12,48,22,26,40,39,40,39,40,40
4,16,6,7,12,12,12,12,12,12
8,32,13,21,24,23,24,23,24,24
8,16,6,11,11,10,11,11,11,11
40,80,27,56,65,64,65,64,65,65
8,64,12,48,54,53,54,54,54,54
4,32,14,24,32,32,31,31,32,32
20,80,50,35,59,59,60,60,60,60
4,32,19,13,29,29,28,28,30,30
8,32,19,13,27,27,27,26,27,27
6,48,13,38,46,46,46,45,46,46
2,16,8,7,14,14,14,14,14,14
8,64,45,21,52,56,56,56,56,56
12,48,24,32,45,44,45,44,45,44
10,80,24,54,65,65,65,65,66,66
8,32,13,15,25,25,25,25,25,25
12,48,19,23,36,37,37,37,37,37
4,32,15,16,28,29,28,28,29,29
10,80,36,52,69,69,68,70,71,71
10,80,40,44,65,68,67,68,69,69
10,80,52,30,62,63,62,62,64,64
20,80,26,50,62,62,62,62,63,63
6,48,32,24,46,48,47,47,48,48
32,64,41,23,47,47,47,46,47,47
16,64,44,24,47,46,47,47,48,48
16,64,21,49,55,55,55,54,55,55
8,64,21,44,57,58,58,58,58,58
32,64,38,28,45,46,46,46,46,46
40,80,32,55,65,65,65,65,65,65
12,48,27,31,46,46,46,45,46,46
6,48,13,32,41,40,40,39,41,41
24,48,17,33,37,37,37,37,37,37
24,48,34,20,36,35,36,36,36,36
4,16,8,7,15,15,15,13,15,15
8,32,17,15,26,26,26,24,26,26
40,80,17,71,67,67,67,67,67,67
40,80,18,60,60,60,60,60,60,60
16,32,10,19,21,21,21,21,21,21
2,16,10,8,16,16,16,16,16,16
8,16,10,9,15,15,15,15,15,15
24,48,20,28,40,40,39,38,40,40
32,64,28,46,49,48,49,49,49,49
8,16,4,8,11,11,11,11,11,11
6,48,13,31,41,40,41,40,41,41
4,32,23,11,26,25,26,26,27,27
4,32,8,24,29,27,29,29,29,29
40,80,51,36,65,65,65,65,65,64
6,48,38,16,38,37,37,38,39,39
4,16,3,8,11,11,11,11,11,11
12,48,31,20,41,41,41,41,41,41
4,16,8,7,14,14,14,14,14,14
40,80,23,53,60,59,60,60,60,60
32,64,41,26,53,54,54,54,54,53
24,48,10,37,36,36,36,36,36,36
8,16,6,10,15,15,15,15,15,15
6,48,24,29,44,42,43,43,44,44
40,80,53,34,62,62,63,63,63,63
4,16,6,8,12,12,12,12,12,12
10,80,39,40,63,63,63,63,63,63
2,16,8,8,14,14,14,14,14,14
8,16,7,8,12,12,12,12,12,12
4,32,20,13,29,29,29,29,29,29
8,64,27,42,55,57,58,56,58,58
16,32,14,20,28,27,28,28,28,28
10,80,36,55,69,70,69,69,71,71
6,48,12,39,45,44,44,44,45,45
2,16,6,9,14,14,14,14,14,14
4,32,16,26,32,32,32,32,32,32
4,32,15,10,23,23,23,23,23,23
4,16,4,10,13,13,13,13,13,13
4,16,10,8,12,12,12,12,12,12
6,48,26,14,36,36,36,36,36,36
20,80,25,61,72,73,73,73,73,73
16,32,10,21,25,25,25,25,25,25
4,16,10,8,13,13,13,13,13,13
10,80,37,52,71,74,74,72,75,74
10,80,49,24,57,59,59,58,59,59
6,48,23,24,41,41,41,41,41,41
20,80,35,42,63,63,63,63,63,63
4,16,10,8,15,15,15,14,15,15
12,48,18,28,38,38,38,38,38,38
10,80,44,32,58,58,57,58,59,59
24,48,19,30,37,37,37,37,37,37
10,80,29,53,71,71,71,71,71,71
4,16,8,11,14,14,14,14,14,14
4,16,6,11,15,15,15,15,15,15
6,48,21,29,43,44,44,44,44,44
2,16,5,4,9,9,9,9,9,9
8,64,34,26,50,54,53,53,54,54
6,48,22,32,43,43,42,43,43,43
20,80,40,38,62,64,64,64,65,65
32,64,32,28,44,44,44,44,44,44
12,48,16,32,40,40,40,40,40,40
4,32,13,16,25,25,25,25,25,25
32,64,20,44,52,51,51,51,52,52
8,32,14,19,28,28,28,28,28,28
8,64,28,36,56,58,57,55,58,58
4,32,9,19,28,28,28,28,28,28
20,80,22,64,72,73,73,73,73,73
20,80,50,36,65,66,66,65,66,66
8,16,3,14,15,15,15,15,15,15
2,16,9,11,16,16,16,16,16,16
10,80,25,58,68,70,70,69,70,70
10,80,21,59,68,69,67,68,69,69
32,64,27,41,52,51,52,53,52,52
24,48,29,16,35,35,35,35,35,35
8,16,4,10,11,11,11,11,11,11
8,16,8,6,13,13,13,13,13,13
8,32,9,18,24,24,23,23,24,24
12,48,23,22,40,40,40,40,40,40
8,64,46,22,50,51,52,52,52,52
16,64,36,27,46,46,47,45,47,47
2,16,12,7,16,16,15,15,16,16
12,48,21,29,40,40,41,41,41,41
16,32,23,9,23,23,23,23,23,23
8,16,8,12,15,15,15,14,15,15
2,16,3,11,13,13,13,13,13,13
20,80,31,44,58,59,59,59,59,59
40,80,52,30,56,56,57,57,57,56
4,16,10,7,13,13,13,13,13,13
20,80,49,21,55,55,55,55,55,55
10,80,60,25,66,69,70,67,72,72
40,80,60,15,54,54,54,54,54,53
8,16,9,7,13,13,13,13,13,13
16,32,14,14,24,24,24,22,24,24
4,32,19,11,25,25,25,24,25,25
8,32,20,13,27,26,27,27,27,27
6,48,26,25,42,42,42,41,43,43
6,48,14,40,47,47,47,47,47,47
4,32,7,19,26,26,26,26,26,26
4,32,9,22,27,27,27,26,27,27
4,16,7,8,12,12,12,12,12,12
32,64,26,36,52,51,51,51,52,52
24,48,25,23,33,33,33,32,33,33
8,16,10,5,10,10,10,10,10,10
32,64,23,44,56,57,57,57,57,57
8,64,34,34,55,57,56,56,57,57
10,80,44,40,67,70,70,69,71,71
16,32,11,22,27,27,27,26,27,27
12,48,27,17,36,36,36,36,36,36
6,48,23,22,39,40,39,39,40,40
8,64,28,30,52,54,53,53,54,54
4,16,9,14,15,15,15,15,15,15
2,16,4,10,14,14,14,14,14,14
16,32,13,21,29,29,29,28,29,29
40,80,22,59,62,61,62,62,62,62
2,16,5,11,16,16,16,16,16,16
24,48,19,26,32,32,31,31,32,32
6,48,22,28,42,42,43,42,43,43
16,32,20,10,22,22,22,22,22,22
16,64,15,46,52,52,52,52,52,52
40,80,45,35,59,59,59,59,59,59
8,64,21,42,54,55,55,55,55,55
32,64,39,22,47,47,47,47,47,47
8,64,39,25,51,51,52,52,52,52
20,80,46,32,62,62,63,62,63,63
16,64,25,38,52,50,52,51,52,52
16,64,28,43,56,57,57,56,57,57
10,80,42,45,70,72,73,71,73,73
2,16,8,7,15,15,15,15,15,15
40,80,51,21,56,56,55,53,56,56
40,80,44,43,63,61,61,60,63,63
24,48,12,34,36,36,36,36,36,36
16,32,18,17,27,27,27,26,27,27
2,16,9,9,15,15,15,15,15,15
12,48,27,27,41,41,41,41,41,41
20,80,34,43,59,60,60,58,60,60
8,64,31,39,58,57,57,58,59,59
12,48,24,21,38,38,38,38,38,37
10,80,36,37,61,63,62,62,63,63
32,64,26,39,51,51,51,51,51,51
6,48,17,28,41,41,42,41,42,42
8,16,5,9,13,13,13,13,13,13
8,64,24,36,51,52,51,52,52,52
6,48,27,24,42,43,42,40,43,43
8,32,12,20,28,28,28,28,28,28
8,64,20,49,58,58,56,56,58,58
8,64,36,34,56,58,59,58,59,59
4,32,14,21,29,28,29,29,29,29
16,64,27,37,52,52,52,52,52,52
16,32,6,25,26,26,26,26,26,26
20,80,27,52,63,63,63,63,64,64
20,80,42,41,62,61,62,62,62,62
40,80,28,50,59,58,59,59,59,59
4,32,14,20,30,31,30,30,31,31
20,80,44,32,61,63,62,62,63,62
8,16,7,13,14,14,13,13,14,14
8,64,41,18,49,49,49,48,49,49
6,48,24,25,40,40,40,40,41,41
24,48,17,29,37,37,37,37,37,37
16,32,22,12,24,24,23,23,24,24
4,32,20,18,31,31,31,31,31,31
2,16,6,10,14,14,14,14,14,14
2,16,4,14,15,15,15,15,15,15
16,32,8,20,20,19,20,20,20,20
8,16,4,13,12,12,12,12,12,12
4,32,17,17,29,29,29,29,29,29
4,32,16,17,29,30,30,29,30,30
32,64,39,22,41,41,41,41,41,40
12,48,12,35,40,39,40,40,40,40
20,80,31,46,61,61,60,61,61,61
20,80,31,48,64,66,66,66,66,66
8,16,11,6,10,10,10,10,10,10
4,16,9,6,12,11,11,12,12,12
16,32,17,11,23,23,23,22,23,23
4,32,20,8,25,25,25,25,25,25
8,64,19,48,57,58,57,57,58,58
32,64,41,25,51,50,50,50,51,51
32,64,30,40,52,52,52,52,52,52
40,80,48,31,55,54,55,55,55,53
8,64,34,26,50,52,52,51,52,52
4,16,4,8,10,10,10,10,10,10
32,64,42,28,54,54,54,54,54,54
8,64,39,20,49,50,50,50,50,50
16,64,28,33,48,48,48,48,48,48
10,80,52,32,63,66,66,64,66,66
16,64,12,54,57,56,57,57,57,57
16,32,13,22,26,26,26,26,26,26
8,64,19,58,62,61,61,61,62,62
20,80,31,43,65,66,67,66,67,67
8,16,5,10,12,12,12,12,12,12
6,48,29,18,36,38,37,36,38,38
16,64,29,33,50,50,50,50,50,50
2,16,10,8,14,13,14,14,14,14
40,80,35,51,62,62,62,62,62,62
4,16,8,5,12,12,12,12,12,12
24,48,17,24,32,32,32,32,32,32
4,16,9,9,14,14,14,14,14,14
8,16,5,10,12,12,12,12,12,12
8,16,4,13,16,16,16,16,16,16
32,64,32,31,49,48,49,49,49,49
8,32,21,7,25,25,25,25,25,25
2,16,11,10,16,16,16,16,16,16
4,32,18,14,27,27,26,27,27,27
4,16,3,12,14,14,14,14,14,14
8,32,17,12,26,26,25,24,26,26
20,80,48,24,51,52,52,52,52,52
40,80,43,40,59,60,60,60,60,60
4,32,10,18,27,27,27,27,27,27
4,32,17,11,26,26,26,25,26,26
4,16,8,5,11,11,11,10,11,11
8,32,12,16,23,23,23,23,23,23
8,16,9,5,11,11,11,11,11,11
16,64,23,39,51,51,52,50,52,52
2,16,7,9,13,13,13,13,13,13
40,80,69,14,58,58,58,58,58,58
32,64,22,37,43,44,44,44,44,44
8,32,12,22,28,27,27,26,28,28
16,64,22,31,46,46,45,46,46,46
8,16,4,11,15,15,15,15,15,15
32,64,28,43,55,55,55,55,55,55
8,64,31,31,52,53,53,53,54,54
40,80,20,59,61,60,60,60,61,61
10,80,57,31,67,66,68,68,68,68
8,64,27,37,56,57,58,58,59,59
10,80,52,31,63,69,69,69,70,70
10,80,39,41,67,67,69,69,69,69
12,48,33,12,36,36,36,36,36,36
4,32,17,12,26,26,26,26,26,26
6,48,17,30,39,39,39,39,39,39
16,32,19,11,20,20,20,20,20,20
40,80,32,47,63,63,62,61,63,63
10,80,25,60,70,70,69,70,70,70
16,32,15,20,24,24,24,24,24,24
8,32,19,10,25,25,24,25,25,25
8,32,16,11,24,23,23,23,24,24
16,32,21,14,29,29,29,29,29,29
10,80,46,38,66,68,67,66,68,68
16,32,19,15,26,26,26,26,26,26
16,64,23,42,51,50,51,51,51,51
4,32,18,11,26,26,27,25,27,27
16,32,11,15,22,22,22,22,22,22
16,64,32,31,52,52,52,53,53,53
40,80,36,41,54,54,54,54,54,54
8,64,17,42,52,52,52,51,52,52
4,32,21,12,28,29,29,27,29,29
16,32,16,17,27,27,27,26,27,27
8,16,9,9,15,15,15,14,15,15
2,16,11,9,16,16,16,16,16,16
4,32,15,16,29,29,28,29,29,29
10,80,47,35,63,68,67,65,69,69
16,32,14,18,26,26,26,26,26,26
6,48,28,17,38,38,38,38,38,38
8,64,44,24,54,55,54,54,55,55
16,32,9,21,23,23,23,23,23,23
12,48,28,24,39,40,40,39,40,40
12,48,27,23,38,38,38,38,38,38
10,80,42,43,68,74,72,72,74,74
12,48,19,30,43,43,43,43,43,43
16,32,12,16,22,22,22,22,22,22
16,32,13,16,25,25,25,25,25,25
10,80,18,58,64,63,62,62,65,65
32,64,36,21,42,42,41,41,42,42
8,64,30,34,53,55,55,55,56,56
2,16,7,8,15,15,15,15,15,15
10,80,31,49,68,69,70,70,71,71
2,16,8,8,16,16,16,15,16,16
32,64,22,43,46,45,45,46,46,46
8,32,10,16,23,23,23,22,23,23
8,32,21,10,22,22,22,21,22,22
40,80,36,46,59,59,58,58,60,60
24,48,26,34,44,44,44,43,44,44
16,64,41,22,47,47,47,47,48,48
24,48,20,25,36,36,36,36,36,36
32,64,26,38,50,51,51,50,51,51
10,80,41,36,62,64,65,63,65,65
16,32,11,16,21,21,21,21,21,21
20,80,48,38,63,64,63,63,64,64
2,16,5,12,15,15,15,15,15,15
4,16,9,8,14,14,14,14,14,14
32,64,36,31,48,48,48,48,48,48
4,32,19,13,28,27,27,27,28,28
8,64,24,39,53,53,53,54,54,54
16,32,19,17,24,23,24,24,24,24
2,16,4,7,11,11,11,11,11,11
8,16,4,9,11,10,11,11,11,11
12,48,17,32,40,39,39,39,40,40
10,80,31,44,63,65,64,63,65,65
6,48,33,21,44,46,44,45,47,47
16,64,27,36,50,51,51,51,51,51
8,32,11,17,25,25,25,25,25,25
10,80,37,49,68,71,70,69,71,71
10,80,20,55,66,66,66,65,67,67
4,16,6,11,15,15,15,14,15,15
40,80,51,34,61,61,61,60,61,61
24,48,32,15,34,33,33,33,34,34
32,64,15,46,44,44,44,43,44,44
10,80,33,42,62,65,65,62,65,65
40,80,54,28,57,57,56,57,57,57
16,64,17,50,52,52,52,52,52,52
16,32,18,14,24,24,23,23,24,24
16,64,40,26,50,51,51,50,51,51
8,32,13,19,25,25,25,25,25,25
24,48,8,41,38,38,38,38,38,38
8,16,5,11,14,14,14,14,14,14
4,16,6,10,14,14,14,14,14,14
24,48,21,30,40,39,40,40,40,40
16,32,22,10,22,22,22,22,22,22
32,64,29,32,43,43,43,43,43,43
8,64,40,27,54,55,55,54,55,55
8,64,33,35,54,55,55,54,55,55
16,64,21,41,51,52,52,52,52,52
2,16,9,4,13,13,13,13,13,13
6,48,19,32,44,45,45,45,45,45
24,48,24,23,35,35,35,35,35,35
8,32,14,12,21,21,21,21,21,21
8,16,6,9,13,13,12,12,13,13
6,48,20,28,44,45,45,44,45,45
16,64,18,42,48,48,48,48,48,48
16,64,31,32,49,50,50,50,50,50
16,64,33,34,54,55,54,53,55,55
16,32,19,13,25,25,25,25,25,25
32,64,41,20,47,47,47,47,47,47
20,80,42,38,60,62,62,61,62,62
8,32,12,20,26,26,26,25,26,26
12,48,15,32,41,41,41,40,41,41
8,32,15,14,24,24,24,24,24,24
4,16,6,11,13,13,13,13,13,13
40,80,43,42,60,61,61,60,61,61
16,64,32,36,54,55,55,55,56,56
40,80,27,47,54,54,54,54,54,54
16,32,14,18,24,24,24,23,24,24
8,32,13,19,28,28,28,28,28,28
16,64,25,43,55,55,55,55,55,55
8,32,14,17,25,25,25,25,25,25
4,16,9,10,14,14,14,14,14,14
8,16,5,11,15,15,15,14,15,15
40,80,55,25,58,58,58,57,58,58
16,32,10,25,27,26,27,27,27,27
10,80,36,52,69,69,68,69,71,71
10,80,23,53,65,65,65,64,66,66
12,48,18,28,38,39,39,39,39,39
8,64,32,32,54,56,55,56,56,56
16,32,22,9,21,20,21,21,21,21
16,32,16,18,24,24,24,24,24,24
4,16,9,10,14,14,14,14,14,14
8,16,7,6,12,12,12,12,12,12
12,48,27,21,36,35,35,36,36,36
16,64,16,54,58,58,58,57,58,58
6,48,24,19,37,37,35,35,37,37
4,16,10,8,14,13,13,14,14,14
12,48,29,20,40,42,42,41,42,42
6,48,27,27,44,44,44,44,44,44
24,48,28,22,39,40,40,41,40,40
8,16,7,9,14,14,14,14,14,14
2,16,8,10,14,14,14,14,14,14
16,64,25,42,51,51,51,51,51,51
20,80,44,40,61,61,61,59,63,63
4,32,9,23,30,30,29,29,30,30
24,48,19,29,39,38,39,39,39,39
20,80,24,43,54,54,54,53,54,54
10,80,16,60,69,68,67,67,70,70
32,64,23,42,48,47,48,48,48,48
16,32,14,19,26,26,26,26,26,26
16,32,14,20,26,26,26,26,26,26
16,64,30,34,52,52,51,51,52,52
8,32,19,13,27,27,26,26,27,27
4,32,9,19,26,26,26,26,26,26
16,32,23,9,23,22,23,22,23,23
40,80,27,56,64,62,63,63,64,64
8,16,9,5,10,10,10,10,10,10
6,48,29,17,37,38,38,36,38,38
24,48,17,25,35,35,35,35,35,35
2,16,6,11,15,14,15,15,15,15
4,32,18,12,28,29,29,27,29,29
40,80,40,33,57,56,56,56,57,56
20,80,54,32,62,63,63,63,63,63
24,48,13,28,35,35,35,35,35,35
20,80,44,33,62,64,65,65,65,65
40,80,52,32,65,65,65,65,66,66
8,64,32,35,56,56,57,57,59,59
8,32,16,18,27,27,27,27,27,27
2,16,5,8,13,13,13,13,13,13
2,16,3,10,13,13,13,13,13,13
6,48,31,25,44,45,45,45,45,45
8,64,26,35,51,51,51,51,52,52
40,80,44,39,61,62,62,61,62,62
6,48,24,16,34,33,33,33,34,34
20,80,45,42,66,69,69,67,69,69
16,64,31,41,57,58,57,58,58,57
16,32,17,18,26,26,26,26,26,26
8,32,15,23,30,29,29,29,30,30
40,80,29,40,51,51,51,52,51,51
16,64,34,33,51,51,51,51,51,51
16,32,14,15,22,22,22,22,22,22
4,16,7,7,14,14,14,13,14,14
4,32,12,26,32,31,32,32,32,32
8,32,12,22,29,29,29,29,29,29
6,48,20,30,42,42,43,42,43,43
40,80,30,46,58,59,59,59,59,59
8,64,22,44,56,57,56,56,57,57
32,64,26,40,49,49,49,49,49,49
32,64,48,19,48,48,49,48,49,49
6,48,19,28,41,41,41,41,41,41
16,32,22,16,27,27,27,27,27,27
12,48,37,13,37,37,37,37,37,37
16,64,32,33,49,48,48,48,50,50
16,64,24,38,54,54,53,53,54,54
4,32,12,21,29,29,29,29,29,29
10,80,53,20,60,61,61,61,61,60
20,80,41,42,66,68,68,67,68,67
4,16,4,13,14,14,14,14,14,14
16,32,18,10,22,22,22,22,22,22
8,32,18,11,23,23,23,23,23,23
6,48,11,35,41,41,41,40,41,41
8,16,8,9,13,12,13,13,13,13
10,80,34,39,59,59,60,60,60,60
24,48,30,20,34,33,34,34,34,34
2,16,6,8,14,14,14,14,14,14
24,48,25,22,33,33,33,33,33,33
8,64,18,44,54,54,54,54,54,54
8,32,20,15,27,26,27,27,27,27
16,32,11,21,24,24,24,24,24,24
8,16,7,8,11,11,11,11,11,11
8,32,15,15,26,25,25,25,26,26
8,64,22,40,53,54,53,54,54,54
32,64,21,44,52,52,52,52,52,52
40,80,37,44,59,59,59,60,59,59
8,32,12,23,27,26,26,26,27,27
24,48,29,12,35,35,35,35,35,35
12,48,30,17,37,37,37,37,37,37
40,80,34,45,65,65,65,64,65,65
16,32,13,16,23,23,22,23,23,23
20,80,48,38,64,65,64,64,65,65
24,48,28,22,38,37,37,38,38,38
16,64,29,39,52,52,53,52,53,53
16,64,36,24,48,47,47,47,48,48
4,16,5,12,14,14,14,13,14,14
40,80,40,23,50,50,50,50,50,49
8,64,37,28,54,55,54,54,57,57
20,80,34,45,65,66,65,64,66,66
16,32,11,19,24,23,24,24,24,24
2,16,11,8,15,14,14,14,15,15
12,48,18,28,39,39,38,39,39,39
40,80,39,46,59,58,59,59,59,59
2,16,9,5,14,14,14,14,14,14
8,32,13,30,31,31,30,30,31,31
2,16,7,9,14,14,14,14,14,14
20,80,59,26,59,59,59,58,59,59
32,64,37,29,47,48,47,47,48,48
12,48,21,22,39,39,39,39,39,39
32,64,20,45,53,54,54,53,54,54
20,80,49,25,57,60,60,58,60,59
8,16,10,8,13,13,13,13,13,13
32,64,31,41,54,54,54,54,54,54
8,16,7,10,14,14,14,14,14,14
24,48,21,24,36,36,36,36,36,36
32,64,17,41,48,48,47,47,48,48
8,32,21,11,27,27,27,27,27,27
8,32,9,21,28,28,27,27,28,28
32,64,34,28,51,51,52,51,52,52
12,48,19,29,38,38,38,38,38,38
16,64,37,28,50,51,51,50,51,51
4,16,11,5,13,12,13,13,13,13
16,32,17,13,24,24,24,24,24,24
24,48,31,23,39,38,39,39,39,39
10,80,47,38,70,71,72,71,74,74
6,48,33,19,42,42,42,42,44,44
16,32,8,22,25,24,24,24,25,25
2,16,4,12,15,15,15,15,15,15
40,80,46,38,58,60,60,58,60,60
8,64,30,43,58,59,59,59,59,59
2,16,6,10,14,14,14,14,14,14
16,32,7,27,28,28,28,28,28,28
4,32,15,12,25,25,25,25,25,25
10,80,58,25,63,66,66,65,66,66
24,48,28,21,39,39,39,39,39,39
10,80,59,23,66,69,69,68,69,69
8,16,12,9,16,16,16,15,16,16
32,64,24,41,52,52,52,52,52,52
16,32,14,13,22,22,22,22,22,22
8,64,31,30,52,52,51,51,52,52
16,64,24,32,48,48,50,49,50,50
12,48,19,28,41,41,40,40,41,41
12,48,25,23,37,37,38,38,38,38
4,32,16,19,29,29,29,29,29,29
8,32,11,29,31,31,31,31,31,31
4,16,5,12,13,13,13,13,13,13
40,80,36,51,67,67,67,67,67,67
6,48,12,31,37,37,37,37,37,37
8,32,14,16,26,26,26,26,26,26
24,48,15,32,35,34,35,36,35,35
40,80,35,48,58,58,57,57,58,58
8,32,9,17,25,25,24,25,25,25
16,32,6,26,26,26,26,26,26,26
24,48,18,34,42,42,42,42,42,42
8,64,34,31,52,51,53,51,54,54
40,80,35,42,60,59,60,59,60,60
4,32,11,16,25,25,25,25,25,25
8,32,15,19,28,28,27,27,28,28
8,16,6,9,12,12,12,12,12,12
8,64,30,34,55,59,57,57,59,59
32,64,14,48,43,43,43,43,43,43
8,32,17,14,25,24,25,24,25,25
16,32,16,16,27,27,27,27,27,27
20,80,32,50,58,60,59,58,60,60
16,64,27,42,53,54,54,53,54,54
8,64,43,17,48,51,50,49,51,51
32,64,24,39,44,44,44,44,44,44
10,80,55,31,64,68,67,65,68,68
40,80,36,43,58,58,58,58,58,58
32,64,22,42,52,52,52,51,52,52
6,48,12,34,43,43,43,43,43,43
12,48,14,29,38,37,38,38,38,38
4,32,15,15,28,28,28,28,28,28
8,16,8,7,12,12,12,12,12,12
20,80,36,48,65,64,66,66,66,66
16,64,24,46,55,56,55,53,56,56
20,80,28,54,63,62,63,63,64,64
16,64,35,21,47,47,47,46,47,47
40,80,42,33,57,58,58,58,59,59
4,32,18,14,30,30,30,29,30,30
8,64,36,27,51,55,53,54,55,55
4,32,7,23,29,29,29,29,29,29
10,80,49,32,59,61,61,61,63,63
4,16,6,8,13,13,13,13,13,13
24,48,15,32,35,33,34,35,35,35
24,48,28,19,33,33,33,33,33,33
10,80,34,48,70,70,70,70,70,70
8,16,6,12,13,13,13,13,13,13
10,80,33,50,66,68,66,67,68,68
8,32,8,19,27,27,27,27,27,27
20,80,37,42,66,66,67,67,67,67
8,64,26,42,56,58,57,57,58,58
20,80,46,38,59,59,60,60,60,60
24,48,22,20,34,34,34,34,34,34
4,32,20,13,27,27,27,27,27,27
10,80,44,37,64,67,67,65,67,67
10,80,43,33,60,62,62,62,62,62
2,16,8,7,15,15,14,14,15,15
10,80,23,56,69,71,69,69,71,71
4,32,4,29,29,29,29,29,29,29
40,80,28,52,58,58,58,57,58,58
16,32,14,26,25,25,25,25,25,25
24,48,22,27,38,38,37,37,38,38
12,48,19,33,44,45,45,45,45,45
12,48,26,21,37,38,38,38,38,38
2,16,5,9,13,13,13,13,13,13
32,64,25,34,48,48,48,49,48,48
40,80,39,35,59,61,61,60,61,61
8,64,30,33,53,56,53,53,56,56
8,64,43,27,57,58,59,57,60,60
16,32,8,17,20,20,20,20,20,20
40,80,32,44,61,61,62,62,62,62
20,80,45,24,49,50,49,49,50,50
4,16,4,10,13,13,13,13,13,13
4,32,21,13,29,30,30,30,30,30
24,48,20,31,41,40,41,40,41,41
2,16,5,5,10,10,10,10,10,10
10,80,47,38,67,67,69,68,69,69
16,64,31,30,50,51,51,50,51,51
4,16,7,12,14,14,14,14,14,14
32,64,47,20,48,48,47,47,48,48
24,48,26,17,34,34,34,34,34,34
12,48,20,25,36,36,37,36,37,37
4,32,18,13,28,29,29,29,29,29
10,80,15,74,74,74,74,74,74,74
20,80,54,28,62,64,64,63,64,64
2,16,9,4,13,13,13,13,13,13
4,32,13,22,30,30,30,30,30,30
4,16,9,7,14,14,14,14,14,14
20,80,42,49,69,70,70,70,71,71
8,32,21,7,24,24,24,24,24,24
6,48,15,37,43,44,44,44,45,45
4,16,8,11,16,16,16,16,16,16
40,80,31,50,64,64,64,64,64,64
6,48,19,28,43,43,43,42,44,44
4,16,10,6,14,14,13,13,14,14
2,16,9,9,16,16,16,16,16,16
16,32,19,18,30,30,30,29,30,30
12,48,17,36,42,42,42,42,42,42
12,48,36,17,37,38,37,37,38,37
6,48,11,36,42,41,42,42,42,42
16,32,23,11,25,24,25,25,25,25
12,48,27,19,39,40,40,39,40,40
4,32,9,21,29,30,30,30,30,30
16,64,37,21,46,46,46,46,46,46
8,64,35,29,52,52,53,53,53,52
4,32,15,13,28,28,28,26,28,28
10,80,23,61,71,71,70,71,71,71
24,48,12,34,37,37,37,37,37,37
12,48,32,14,30,30,30,30,30,30
24,48,36,19,37,36,37,37,37,37
16,32,11,21,25,24,25,25,25,25
6,48,31,16,40,40,40,40,40,40
10,80,38,42,67,70,71,70,71,71
16,64,26,38,54,54,54,53,54,54
8,32,7,22,24,23,24,23,24,24
8,16,8,7,14,14,14,12,14,14
8,32,11,22,27,26,26,26,27,27
2,16,4,7,11,11,11,11,11,11
20,80,23,57,67,67,67,67,67,67
4,32,23,11,28,27,29,27,29,29
10,80,28,45,60,61,61,61,61,61
8,64,48,15,50,51,51,51,52,52
4,32,8,20,25,25,25,25,25,25
10,80,42,42,66,70,70,70,71,71
20,80,34,39,59,59,60,60,61,61
8,16,5,8,10,10,10,10,10,10
8,16,9,9,13,13,13,13,13,13
12,48,32,17,38,39,39,38,39,39
6,48,24,24,42,44,44,44,44,44
40,80,32,55,58,58,58,58,58,58
40,80,21,65,66,66,65,65,66,66
32,64,36,21,42,42,42,41,42,42
8,32,19,12,25,25,26,26,26,26
16,64,31,33,53,54,53,53,54,54
4,16,9,8,15,15,15,15,15,15
4,16,6,10,14,14,14,14,14,14
4,16,12,5,14,14,14,13,14,14
32,64,40,26,50,50,49,49,50,50
16,64,21,41,52,51,52,51,52,52
20,80,28,51,64,64,65,65,65,65
8,32,11,19,26,26,26,26,26,26
2,16,12,7,15,15,15,15,15,15
4,16,10,10,16,16,16,16,16,16
4,16,7,7,11,11,11,11,11,11
8,32,10,17,26,26,26,25,26,26
20,80,46,40,62,62,63,63,63,63
8,32,16,14,23,23,23,23,23,23
12,48,13,25,32,31,32,32,32,32
24,48,36,10,35,35,35,35,35,35
32,64,19,45,48,48,48,48,48,48
6,48,17,29,40,39,40,38,41,41
8,64,19,41,53,54,53,54,54,54
20,80,57,27,63,65,65,63,65,65
2,16,10,6,15,15,15,15,15,15
4,32,15,15,28,28,28,28,28,28
8,16,6,10,12,12,12,12,12,12
32,64,38,30,47,47,47,47,47,47
24,48,26,24,36,36,36,36,36,36
10,80,59,19,59,61,60,60,61,61
16,64,38,27,51,50,50,50,51,51
20,80,29,49,65,67,68,68,68,68
2,16,12,8,16,16,16,16,16,16
4,16,11,6,14,14,14,13,14,14
8,16,6,12,15,15,15,15,15,15
20,80,55,31,62,64,64,64,64,63
32,64,36,27,49,49,49,49,49,49
4,32,10,18,23,23,23,23,23,23
24,48,17,30,37,37,37,37,37,37
12,48,14,33,35,35,35,35,35,35
20,80,48,25,58,61,61,59,61,61
10,80,23,60,72,71,71,73,73,73
4,32,15,12,26,26,26,26,26,26
8,64,20,39,51,50,50,50,51,51
32,64,50,16,48,47,48,48,48,48
12,48,23,25,40,40,40,40,40,40
12,48,31,18,37,37,37,38,38,38
10,80,24,63,72,72,73,73,74,74
12,48,33,18,39,41,41,39,41,41
8,32,17,17,28,27,28,27,28,28
16,64,36,27,50,51,51,51,51,51
16,64,43,25,52,53,53,53,53,52
24,48,18,30,36,35,36,36,36,36
4,32,14,13,27,27,27,26,27,27
6,48,24,20,39,38,39,38,39,39
2,16,6,8,14,14,14,14,14,14
12,48,19,19,34,34,34,34,34,34
16,32,13,14,22,22,22,22,22,22
16,32,17,15,27,27,27,27,27,27
6,48,21,21,38,38,38,38,38,38
40,80,54,32,62,63,62,61,63,63
32,64,27,39,49,49,49,49,49,49
4,32,12,18,28,27,27,28,28,28
8,16,5,9,11,11,11,11,11,11
12,48,35,14,39,39,39,39,39,39
4,16,7,10,14,14,14,14,14,14
16,64,47,22,52,52,54,53,54,54
10,80,46,32,59,62,62,62,62,62
2,16,9,10,16,16,16,16,16,16
4,16,7,7,13,13,13,12,13,13
20,80,52,31,61,64,62,63,64,64
16,32,19,16,24,24,23,23,24,24
24,48,16,25,32,32,32,32,32,32
16,32,23,13,29,29,29,29,29,29
40,80,23,59,65,65,64,64,65,65
24,48,18,33,41,41,41,41,41,41
4,16,8,10,15,15,15,15,15,15
32,64,23,36,49,49,49,48,49,49
16,64,25,36,48,47,47,48,48,48
16,64,37,30,54,55,55,54,55,55
16,32,14,16,25,25,25,25,25,25
2,16,6,8,14,14,14,14,14,14
4,16,6,11,15,15,15,15,15,15
24,48,26,22,38,38,38,38,38,38
4,32,22,14,31,29,31,30,31,31
20,80,24,60,68,70,70,70,70,70
16,64,43,24,50,52,52,52,52,52
12,48,18,26,39,39,39,37,39,39
40,80,36,42,57,57,57,56,57,57
4,16,10,8,15,14,15,15,15,15
8,16,10,4,10,10,10,10,10,10
16,64,18,44,53,53,53,52,53,53
8,64,30,27,51,52,53,52,53,53
2,16,5,13,15,15,15,15,15,15
40,80,24,56,61,61,62,62,62,62
8,16,11,8,14,14,14,14,14,14
20,80,33,50,62,62,62,61,62,62
40,80,16,60,60,60,59,59,60,60
16,32,15,13,23,23,23,23,23,23
8,16,7,12,13,13,13,13,13,13
10,80,15,65,71,70,70,70,71,71
24,48,25,14,31,30,31,31,32,32
4,16,7,9,15,15,15,14,15,15
2,16,4,9,13,13,13,12,13,13
10,80,29,50,65,67,67,67,67,67
16,32,20,17,26,26,26,26,26,26
20,80,27,56,67,66,66,67,67,67
16,32,4,23,24,24,24,24,24,24
4,16,5,11,14,14,14,14,14,14
4,16,8,7,14,14,14,13,14,14
20,80,26,53,63,64,63,62,64,64
32,64,17,43,51,51,51,51,51,51
8,32,7,25,29,29,29,29,29,29
4,32,9,24,30,30,30,29,30,30
4,16,8,6,12,12,12,12,12,12
4,32,23,11,27,27,27,27,27,27
2,16,6,12,15,15,15,15,15,15
8,64,40,28,52,54,54,54,55,55
8,16,5,8,9,9,9,9,9,9
8,16,8,6,11,11,11,11,11,11
4,16,6,10,13,13,13,12,13,13
40,80,56,20,59,59,59,58,59,59
32,64,31,30,47,47,47,47,47,47
8,64,27,37,55,58,56,56,58,58
16,64,39,29,51,51,51,51,52,52
8,16,11,6,14,14,13,14,14,14
40,80,44,32,58,58,58,58,58,57
32,64,19,47,52,52,52,52,52,52
24,48,22,28,38,38,37,37,38,38
32,64,21,39,48,48,48,48,48,48
16,64,30,37,51,50,51,50,51,51
24,48,31,14,36,36,36,36,36,36
10,80,42,33,63,64,63,62,64,64
8,16,12,8,15,15,15,15,15,15
8,32,9,29,30,29,30,29,30,30
8,32,9,23,26,26,26,26,26,26
4,32,11,23,29,29,29,29,29,29
40,80,48,39,62,65,65,65,65,65
16,64,32,28,47,46,48,47,48,48
24,48,11,31,36,36,36,36,36,36
24,48,20,28,40,39,39,39,40,40
16,64,41,26,49,51,49,48,51,51
8,32,12,19,29,29,29,29,29,29
6,48,11,34,41,41,40,40,41,41
10,80,32,47,62,62,63,63,63,63
8,16,7,10,14,14,13,13,14,14
2,16,7,7,14,14,14,13,14,14
10,80,45,33,64,65,66,65,66,66
4,16,9,10,15,15,15,15,15,15
8,64,25,29,47,49,49,49,49,49
6,48,29,22,41,42,42,41,42,42
10,80,15,57,62,61,62,61,62,62
12,48,25,21,37,37,36,35,37,37
4,32,20,15,31,32,30,29,32,32
8,32,18,12,26,25,26,25,26,26
4,32,11,22,30,30,30,29,30,30
16,64,39,23,47,48,48,46,49,49
12,48,18,25,37,37,37,36,37,37
4,16,7,10,13,13,13,13,13,13
4,32,22,13,28,27,28,28,28,28
8,64,24,34,51,50,51,50,51,51
12,48,24,30,42,41,42,41,43,43
16,32,25,16,30,30,30,29,30,30
4,32,17,14,28,28,28,28,28,28
20,80,30,48,61,62,63,62,63,63
20,80,35,53,67,69,68,68,69,69
6,48,20,35,45,45,43,44,45,45
2,16,8,11,16,16,16,16,16,16
8,32,11,27,27,27,27,27,27,27
16,32,13,23,27,27,27,27,27,27
6,48,33,19,40,41,40,40,41,41
8,16,5,8,11,11,11,11,11,11
2,16,7,8,15,15,15,15,15,15
4,32,17,13,28,29,29,28,29,29
12,48,25,24,38,37,38,38,38,38
4,32,16,17,29,29,29,29,29,29
32,64,31,41,56,57,57,57,57,56
20,80,42,42,63,64,62,61,65,65
8,16,7,8,13,13,13,13,13,13
8,32,17,12,24,24,24,24,24,24
8,64,25,33,51,52,50,52,52,52
2,16,8,5,13,13,13,13,13,13
8,64,16,38,50,50,50,50,51,51
40,80,24,66,66,65,65,65,66,66
12,48,17,28,37,37,37,37,37,37
2,16,7,7,14,14,14,14,14,14
8,32,21,15,27,27,27,27,27,27
6,48,17,26,41,41,41,41,41,41
8,32,15,19,27,27,27,27,27,27
6,48,21,28,40,41,40,39,41,41
2,16,8,12,16,16,16,16,16,16
2,16,11,5,14,14,14,14,14,14
8,16,6,11,14,14,14,14,14,14
12,48,27,23,41,41,41,40,41,41
8,64,26,39,55,56,56,56,57,57
4,32,20,17,29,29,27,27,29,29
32,64,42,30,50,50,50,50,50,50
12,48,22,19,36,36,35,35,36,36
20,80,53,28,61,63,63,63,63,63
8,16,5,8,12,12,12,12,12,12
32,64,21,39,46,45,45,45,46,46
8,64,41,23,51,51,52,51,52,52
2,16,6,7,13,13,13,13,13,13
10,80,41,40,65,69,69,66,69,69
4,16,3,11,13,13,13,13,13,13
4,32,24,11,30,31,32,31,32,32
40,80,53,31,62,64,63,62,64,64
16,32,13,20,24,24,24,24,24,24
12,48,35,11,37,36,36,37,37,37
12,48,20,26,39,40,39,38,40,40
8,64,36,24,50,50,51,51,51,51
20,80,34,52,61,61,61,61,62,62
8,32,24,10,25,25,24,25,25,25
16,64,23,40,54,54,53,54,54,54
2,16,5,9,13,13,13,13,13,13
2,16,8,8,14,13,14,14,14,14
20,80,12,66,65,64,65,65,65,65
8,64,40,28,55,58,55,55,58,58
8,32,21,12,26,25,25,25,26,26
20,80,45,42,65,68,67,66,68,68
16,32,11,22,24,23,23,23,24,24
24,48,26,25,39,39,39,38,39,39
16,32,21,18,30,30,30,29,30,30
20,80,31,56,70,73,72,72,73,73
6,48,20,26,42,44,44,43,44,44
12,48,29,24,41,41,41,41,41,41
32,64,21,38,49,49,49,49,49,49
32,64,20,45,45,45,46,45,46,46
40,80,35,40,59,60,59,59,60,59
4,16,7,7,13,13,13,13,13,13
20,80,24,56,64,62,62,62,64,64
40,80,43,36,59,59,59,59,59,59
16,64,49,20,52,52,52,52,52,52
10,80,50,44,68,73,74,72,75,75
4,32,13,23,31,30,30,30,31,31
20,80,47,37,64,66,66,65,66,66
8,16,5,12,13,13,13,13,13,13
24,48,15,24,36,36,36,36,36,36
40,80,19,51,57,56,56,56,57,57
16,64,25,47,56,55,55,55,56,56
16,32,19,16,28,28,28,28,28,28
2,16,6,12,16,16,16,16,16,16
4,16,9,6,13,13,13,12,13,13
12,48,22,23,39,39,38,38,39,39
6,48,27,22,42,43,43,42,43,43
8,16,3,11,14,14,14,14,14,14
20,80,43,35,60,60,60,58,60,60
16,32,16,15,21,21,21,21,21,21
6,48,16,29,41,40,41,39,41,41
40,80,33,46,60,59,60,60,60,60
16,32,20,12,25,25,25,25,25,25
20,80,33,48,63,62,63,62,63,63
16,32,7,21,24,24,22,23,24,24
2,16,12,7,16,16,16,16,16,16
20,80,29,51,63,63,63,63,63,63
10,80,22,57,68,69,68,68,69,69
8,32,17,15,29,29,29,29,29,29
16,64,28,32,46,45,45,45,46,46
8,16,9,8,12,12,12,12,12,12
8,32,7,22,27,27,27,27,27,27
8,32,19,13,28,28,26,28,28,28
4,16,8,10,15,15,15,15,15,15
8,64,33,28,51,51,51,51,51,51
10,80,44,38,69,73,72,72,74,74
10,80,28,45,61,61,60,61,61,61
6,48,32,15,41,43,43,43,43,43
4,32,13,18,29,30,30,30,30,30
20,80,28,54,67,68,67,67,68,68
24,48,14,32,34,34,34,34,34,34
10,80,48,34,64,66,67,64,67,67
6,48,24,21,40,41,41,39,41,41
10,80,43,36,65,67,67,67,67,67
16,32,18,14,26,26,26,26,26,26
32,64,27,37,51,52,52,51,52,52
40,80,17,65,62,62,62,62,62,62
32,64,26,37,50,50,50,50,50,50
4,32,17,14,26,26,26,26,26,26
24,48,23,31,40,40,40,39,40,40
32,64,41,23,49,49,49,48,49,49
16,32,13,14,22,22,22,22,22,22
12,48,12,33,40,40,40,40,40,40
16,64,16,42,52,53,53,52,53,53
40,80,40,42,63,62,62,63,63,63
16,64,21,45,52,52,52,52,52,52
8,16,9,10,16,16,16,16,16,16
40,80,43,31,58,60,59,58,60,60
24,48,23,25,35,35,35,35,35,35
8,32,20,16,27,27,27,27,27,27
20,80,40,47,67,69,67,69,70,70
4,32,17,12,26,26,25,26,26,26
8,16,9,10,14,14,14,14,14,14
12,48,28,16,37,37,36,36,37,37
40,80,25,55,64,64,64,64,64,64
16,32,20,18,27,27,27,27,27,27
2,16,4,10,14,14,14,14,14,14
12,48,33,16,40,41,41,41,42,42
8,64,29,36,54,53,56,55,57,57
8,64,24,33,51,50,52,52,52,52
6,48,25,18,39,39,39,38,39,39
12,48,19,29,39,37,39,39,39,39
32,64,21,45,46,45,46,46,46,46
16,64,42,26,52,51,53,52,53,53
4,16,7,8,13,13,13,13,13,13
40,80,31,59,68,68,69,69,69,69
6,48,18,30,41,41,41,40,41,41
20,80,38,37,56,57,57,57,57,57
16,64,32,34,53,52,53,53,53,53
4,16,4,9,12,12,12,12,12,12
8,32,20,14,24,24,24,23,24,24
8,16,12,7,14,14,14,14,14,14
8,16,9,7,13,13,13,13,13,13
32,64,16,44,46,46,46,46,46,46
2,16,9,8,16,16,16,16,16,16
2,16,13,7,16,16,16,16,16,16
32,64,41,19,44,44,44,44,44,44
8,64,7,53,54,54,54,54,54,54
24,48,32,13,33,33,33,33,33,33
10,80,60,29,65,69,69,68,69,68
2,16,6,7,13,13,13,13,13,13
12,48,31,16,38,38,38,37,38,38
6,48,28,18,36,36,36,37,36,36
40,80,44,39,58,58,58,58,58,58
32,64,45,19,41,41,41,41,41,41
2,16,10,7,12,11,12,12,12,12
20,80,36,45,65,66,66,65,67,66
24,48,19,30,43,43,42,43,43,43
4,16,8,7,14,14,14,14,14,14
6,48,31,14,38,39,39,39,39,39
8,16,6,15,13,12,13,13,13,13
4,32,17,14,28,29,29,29,29,29
8,16,9,7,13,13,13,13,13,13
40,80,22,66,62,61,62,62,62,62
12,48,25,24,38,38,38,38,38,38
8,64,34,28,51,51,51,52,52,52
12,48,23,24,38,39,39,39,39,39
20,80,42,42,60,62,62,61,62,62
24,48,24,26,36,36,36,35,36,36
8,64,21,40,54,55,55,55,55,55
2,16,9,6,14,14,14,14,14,14
2,16,7,6,13,13,13,13,13,13
8,32,16,13,24,24,24,24,24,24
16,32,13,23,30,29,30,30,30,30
8,16,6,10,12,12,12,12,12,12
32,64,29,35,47,46,47,47,47,46
24,48,35,11,34,34,34,34,34,34
24,48,24,28,38,38,38,38,38,38
